-- phpMyAdmin SQL Dump
-- version 5.2.1
-- https://www.phpmyadmin.net/
--
-- Počítač: 127.0.0.1
-- Vytvořeno: Ned 06. srp 2023, 12:39
-- Verze serveru: 10.4.28-MariaDB
-- Verze PHP: 8.2.4

SET SQL_MODE = "NO_AUTO_VALUE_ON_ZERO";
START TRANSACTION;
SET time_zone = "+00:00";


/*!40101 SET @OLD_CHARACTER_SET_CLIENT=@@CHARACTER_SET_CLIENT */;
/*!40101 SET @OLD_CHARACTER_SET_RESULTS=@@CHARACTER_SET_RESULTS */;
/*!40101 SET @OLD_COLLATION_CONNECTION=@@COLLATION_CONNECTION */;
/*!40101 SET NAMES utf8mb4 */;

--
-- Databáze: `bundesliga`
--

-- --------------------------------------------------------

--
-- Struktura tabulky `association`
--

CREATE TABLE `association` (
  `id_association` int(11) NOT NULL,
  `general_name` varchar(255) NOT NULL,
  `short_name` varchar(255) NOT NULL,
  `founded` int(11) NOT NULL,
  `created_at` int(11) NOT NULL,
  `updated_at` int(11) NOT NULL,
  `deleted_at` int(11) DEFAULT NULL
) ENGINE=InnoDB DEFAULT CHARSET=utf8mb4 COLLATE=utf8mb4_general_ci;

--
-- Vypisuji data pro tabulku `association`
--

INSERT INTO `association` (`id_association`, `general_name`, `short_name`, `founded`, `created_at`, `updated_at`, `deleted_at`) VALUES
(1, 'Vereinigung der Süddeutschen Fußballklubs', '', 1945, 0, 1672854263, 1672854263),
(2, 'Süddeutscher Fußball-Verband', 'SFV', 1897, 0, 1672929918, NULL),
(8, 'Der Fußball-Regional-Verband „Südwest“', 'FRVS', 1950, 1672854201, 1672930092, NULL),
(9, 'Norddeutsche Fußball-Verband', 'NFV', 1905, 1672854857, 1672930105, NULL),
(10, 'Der Westdeutsche Fußballverband', 'WFV', 1898, 1672855027, 1672930123, NULL),
(11, 'Nordostdeutscher Fußballverband', 'NOFV', 1990, 1672855412, 1672930156, NULL),
(12, 'Berliner Fußball-Verband', 'BFV', 1897, 1672856019, 1672930167, NULL),
(13, 'Deutscher Fußball Bund', 'DFB', 1900, 1672856571, 1672930173, NULL),
(14, 'Deutscher Fußball-Verband', 'DFV', 1958, 1672930360, 1672930360, NULL),
(16, 'DFL Deutsche Fußball Liga', 'DFL', 2001, 1672985749, 1672985856, NULL);

-- --------------------------------------------------------

--
-- Struktura tabulky `association_season`
--

CREATE TABLE `association_season` (
  `id_assoc_season` int(11) NOT NULL,
  `id_season` int(11) NOT NULL,
  `id_association` int(11) NOT NULL,
  `name` varchar(255) NOT NULL,
  `logo` varchar(255) NOT NULL,
  `created_at` int(11) NOT NULL,
  `updated_at` int(11) NOT NULL,
  `deleted_at` int(11) DEFAULT NULL
) ENGINE=InnoDB DEFAULT CHARSET=utf8mb4 COLLATE=utf8mb4_general_ci;

--
-- Vypisuji data pro tabulku `association_season`
--

INSERT INTO `association_season` (`id_assoc_season`, `id_season`, `id_association`, `name`, `logo`, `created_at`, `updated_at`, `deleted_at`) VALUES
(1, 1, 2, 'Vereinigung der Süddeutschen Fußballklubs', 'logo_SFV_2_1.jpg', 1673220118, 1673815887, NULL),
(2, 2, 2, 'Vereinigung der Süddeutschen Fußballklubs', 'logo_SFV_2_2.jpg', 1673221583, 1673564145, NULL),
(3, 3, 2, 'Vereinigung der Süddeutschen Fußballklubs', 'logo_SFV_2_3.jpg', 1673224354, 1673224354, NULL),
(4, 4, 2, 'Vereinigung der Süddeutschen Fußballklubs', 'logo_SFV_2_4.jpg', 1673224454, 1673224454, NULL),
(5, 5, 2, 'Süddeutscher Fußball-Verband', 'logo_SFV_2_5.png', 1673298883, 1673298883, NULL),
(6, 6, 2, 'Süddeutscher Fußball-Verband', 'logo_SFV_2_6.png', 1673299449, 1688587506, 1688587506),
(7, 7, 2, 'Süddeutscher Fußball-Verband', 'logo_SFV_2_7.png', 1673301220, 1673565105, NULL),
(8, 8, 2, 'Süddeutscher Fußball-Verband', 'logo_SFV_2_8.png', 1673313663, 1673564940, NULL),
(10, 1, 12, 'Verband Berliner Ballspielvereine', 'logo_BFV_12_1.jpg', 1673360074, 1673360074, NULL),
(11, 2, 12, 'Verband Berliner Ballspielvereine', 'logo_BFV_12_2.jpg', 1673360093, 1673360093, NULL),
(12, 3, 12, 'Verband Berliner Ballspielvereine (BFV)', 'logo_BFV_12_3.jpg', 1673382399, 1673382399, NULL),
(13, 4, 12, 'Verband Berliner Ballspielvereine', 'logo_BFV_12_4.jpg', 1673383239, 1673383239, NULL),
(14, 5, 12, 'Verband Berliner Ballspielvereine (BFV)', 'logo_BFV_12_5.jpg', 1673384920, 1673384920, NULL),
(15, 12, 13, 'Deutscher Fußball Bund', 'logo_DFB_13_12.png', 1673814954, 1673814954, NULL),
(18, 13, 13, 'Deutscher Fußball Bund', 'logo_DFB_13_13.png', 1673981966, 1673981966, NULL),
(19, 9, 2, 'Süddeutscher Fußball-Verband', 'logo_SFV_2_9.png', 1674312351, 1674312351, NULL),
(20, 1, 8, 'Der Fußball-Regional-Verband „Südwest“', 'logo_FRVS_8_1.jpg', 1674341796, 1674341796, NULL),
(21, 6, 2, 'Süddeutscher Fußball-Verband', 'logo_SFV_2_6.png', 1689508946, 1689508946, NULL);

-- --------------------------------------------------------

--
-- Struktura tabulky `ci_sessions`
--

CREATE TABLE `ci_sessions` (
  `id` varchar(40) NOT NULL,
  `ip_address` varchar(45) NOT NULL,
  `timestamp` int(10) UNSIGNED NOT NULL DEFAULT 0,
  `data` blob NOT NULL
) ENGINE=InnoDB DEFAULT CHARSET=utf8 COLLATE=utf8_czech_ci;

--
-- Vypisuji data pro tabulku `ci_sessions`
--

INSERT INTO `ci_sessions` (`id`, `ip_address`, `timestamp`, `data`) VALUES
('8ff83a6d9b48e54d2492026023489958b0e022f3', '::1', 1476050146, 0x5f5f63695f6c6173745f726567656e65726174657c693a313437363035303134363b),
('4e0a7e0cfebd96c4e5a7d8e83fdde98b90681736', '::1', 1476050246, 0x5f5f63695f6c6173745f726567656e65726174657c693a313437363035303134373b),
('bf41a2dc4bf1322403540f9d99bc2ee6bf00a7d1', '::1', 1476050600, 0x5f5f63695f6c6173745f726567656e65726174657c693a313437363035303534333b6964656e746974797c733a363a227a6472683133223b757365726e616d657c733a363a227a6472683133223b656d61696c7c733a32333a22687264696e612e7a64656e656b40676d61696c2e636f6d223b757365725f69647c733a313a2233223b6f6c645f6c6173745f6c6f67696e7c733a31303a2231343736303432363637223b),
('da48ae8e792c0d8fcec4d6251524373ca8a49b28', '::1', 1476051090, 0x5f5f63695f6c6173745f726567656e65726174657c693a313437363035303935333b),
('aba233c07a876c2724d4f46d02a5a329a15f5ccb', '::1', 1476051049, 0x5f5f63695f6c6173745f726567656e65726174657c693a313437363035313034393b6964656e746974797c733a363a227a6472683133223b757365726e616d657c733a363a227a6472683133223b656d61696c7c733a32333a22687264696e612e7a64656e656b40676d61696c2e636f6d223b757365725f69647c733a313a2233223b6f6c645f6c6173745f6c6f67696e7c733a31303a2231343736303432363637223b),
('a4e0db6c95913da78f03530fb02ce3734885cfeb', '::1', 1476051987, 0x5f5f63695f6c6173745f726567656e65726174657c693a313437363035313731333b6964656e746974797c733a363a227a6472683133223b757365726e616d657c733a363a227a6472683133223b656d61696c7c733a32333a22687264696e612e7a64656e656b40676d61696c2e636f6d223b757365725f69647c733a313a2233223b6f6c645f6c6173745f6c6f67696e7c733a31303a2231343736303432363637223b),
('f6ae140decdf766f871a5ee24fe5a3f86d501bb2', '::1', 1476052296, 0x5f5f63695f6c6173745f726567656e65726174657c693a313437363035323031393b6964656e746974797c733a363a227a6472683133223b757365726e616d657c733a363a227a6472683133223b656d61696c7c733a32333a22687264696e612e7a64656e656b40676d61696c2e636f6d223b757365725f69647c733a313a2233223b6f6c645f6c6173745f6c6f67696e7c733a31303a2231343736303432363637223b),
('fa1cef6b7c322e0b8775c0a4a7bac9a1a21c5f99', '::1', 1476052599, 0x5f5f63695f6c6173745f726567656e65726174657c693a313437363035323332383b6964656e746974797c733a363a227a6472683133223b757365726e616d657c733a363a227a6472683133223b656d61696c7c733a32333a22687264696e612e7a64656e656b40676d61696c2e636f6d223b757365725f69647c733a313a2233223b6f6c645f6c6173745f6c6f67696e7c733a31303a2231343736303432363637223b),
('bdb9ac8a94ab75f558898cc2463764e10ac32377', '::1', 1476052747, 0x5f5f63695f6c6173745f726567656e65726174657c693a313437363035323638303b6964656e746974797c733a363a227a6472683133223b757365726e616d657c733a363a227a6472683133223b656d61696c7c733a32333a22687264696e612e7a64656e656b40676d61696c2e636f6d223b757365725f69647c733a313a2233223b6f6c645f6c6173745f6c6f67696e7c733a31303a2231343736303432363637223b),
('f105fa226dcbee7727f4e358f06ad728f3ef031c', '::1', 1476053104, 0x5f5f63695f6c6173745f726567656e65726174657c693a313437363035333030343b6964656e746974797c733a363a227a6472683133223b757365726e616d657c733a363a227a6472683133223b656d61696c7c733a32333a22687264696e612e7a64656e656b40676d61696c2e636f6d223b757365725f69647c733a313a2233223b6f6c645f6c6173745f6c6f67696e7c733a31303a2231343736303432363637223b),
('d0e03580c4114e22a09e724838ee212856588d31', '::1', 1476053237, 0x5f5f63695f6c6173745f726567656e65726174657c693a313437363035333233373b),
('0b00b9a8fa0a963a2d202cd3136f5bebafbd76f6', '::1', 1476053238, 0x5f5f63695f6c6173745f726567656e65726174657c693a313437363035333233383b),
('63fb06c31aa8cd8970c0fb85ef874de7dfc725f6', '::1', 1476053238, 0x5f5f63695f6c6173745f726567656e65726174657c693a313437363035333233383b),
('5c7e0a764dd4f71ad6c9bbcb36b83eacd36ad717', '::1', 1476053239, 0x5f5f63695f6c6173745f726567656e65726174657c693a313437363035333233393b),
('0e989f00921f2530664ea0bf2418bdc7acaa894b', '::1', 1476053239, 0x5f5f63695f6c6173745f726567656e65726174657c693a313437363035333233393b),
('c02f7fce970dbc43fa769757a7fafa2823dce61c', '::1', 1476053239, 0x5f5f63695f6c6173745f726567656e65726174657c693a313437363035333233393b),
('4b0baf103256474c9c4f2d09a7eb1307fc200406', '::1', 1476053239, 0x5f5f63695f6c6173745f726567656e65726174657c693a313437363035333233393b),
('cb79169f2283d1db205876dedd8e3ac1c776be8f', '::1', 1476053239, 0x5f5f63695f6c6173745f726567656e65726174657c693a313437363035333233393b),
('1aa5765745a5ba576e6d727ec33a16af79061228', '::1', 1476053239, 0x5f5f63695f6c6173745f726567656e65726174657c693a313437363035333233393b),
('537b4cbc5c56c2d103e451b91b4d04d7a91f5ed7', '::1', 1476053240, 0x5f5f63695f6c6173745f726567656e65726174657c693a313437363035333234303b),
('c96b478d3402cbeb8c2ee59619bf171763cbfb80', '::1', 1476053240, 0x5f5f63695f6c6173745f726567656e65726174657c693a313437363035333234303b),
('270548b84ccf41625ceb3ec959f0226a5f6a969d', '::1', 1476053240, 0x5f5f63695f6c6173745f726567656e65726174657c693a313437363035333234303b),
('fd2e3932e3bf858b70fe94baefb9a2a254c12c06', '::1', 1476053240, 0x5f5f63695f6c6173745f726567656e65726174657c693a313437363035333234303b),
('34937b369c9e398ce1bcb63a0b36886e603f90c3', '::1', 1476053240, 0x5f5f63695f6c6173745f726567656e65726174657c693a313437363035333234303b),
('a5d02f7e84748359d5cf60fb2713604f468e5a15', '::1', 1476053241, 0x5f5f63695f6c6173745f726567656e65726174657c693a313437363035333234303b),
('c6a45b685eef48ce512511a5d9549527bc82de02', '::1', 1476053241, 0x5f5f63695f6c6173745f726567656e65726174657c693a313437363035333234313b),
('d9aa9b7b234283a0308359978fc040643eb32be0', '::1', 1476053241, 0x5f5f63695f6c6173745f726567656e65726174657c693a313437363035333234313b),
('c9bcacb76b8aff366f720140def827244defc8b3', '::1', 1476053241, 0x5f5f63695f6c6173745f726567656e65726174657c693a313437363035333234313b),
('d1f0492a8ed2983b410ba195c8bf0279095424d3', '::1', 1476053241, 0x5f5f63695f6c6173745f726567656e65726174657c693a313437363035333234313b),
('068e7ce47d659f2b493fa335d85ccafa60099322', '::1', 1476053242, 0x5f5f63695f6c6173745f726567656e65726174657c693a313437363035333234323b),
('69b8155ed3f257cdd5a80ed66500beb857a02fd4', '::1', 1476053242, 0x5f5f63695f6c6173745f726567656e65726174657c693a313437363035333234323b),
('d33646eb8c70e45cd07699cd690ea911004f7a7b', '::1', 1476053694, 0x5f5f63695f6c6173745f726567656e65726174657c693a313437363035333531383b),
('b93fbff7dc9216f66837bb1200f1e2abef10b8d7', '::1', 1476053529, 0x5f5f63695f6c6173745f726567656e65726174657c693a313437363035333532393b),
('6264b5d3c080bf27ca3c2b019de2d85d2a0d324d', '::1', 1476053531, 0x5f5f63695f6c6173745f726567656e65726174657c693a313437363035333533313b),
('f866da6cc66b3fba6464397fe066664a4e2e193f', '::1', 1476053531, 0x5f5f63695f6c6173745f726567656e65726174657c693a313437363035333533313b),
('7be8f60a4967bb51be97670b3fa67b8a2260a41d', '::1', 1476053531, 0x5f5f63695f6c6173745f726567656e65726174657c693a313437363035333533313b),
('4c4f45cc35eec07ea9b913505ff62c4b75691b76', '::1', 1476053531, 0x5f5f63695f6c6173745f726567656e65726174657c693a313437363035333533313b),
('5a14a6499797122ee4a32c10b63cda72d7078452', '::1', 1476053532, 0x5f5f63695f6c6173745f726567656e65726174657c693a313437363035333533323b),
('1f70df27b1aae090530199b225bac4a765f06ade', '::1', 1476053532, 0x5f5f63695f6c6173745f726567656e65726174657c693a313437363035333533323b),
('daee944581e031405192e19a8948dcda9d40885e', '::1', 1476053533, 0x5f5f63695f6c6173745f726567656e65726174657c693a313437363035333533333b),
('d2329b1ea9c3eea2ebf7119b005c51f0ed14fc5f', '::1', 1476053533, 0x5f5f63695f6c6173745f726567656e65726174657c693a313437363035333533333b),
('5f19da996631dac9d4738544f035eba371b97167', '::1', 1476053533, 0x5f5f63695f6c6173745f726567656e65726174657c693a313437363035333533333b),
('7191ad5f0034cd8c5e7bdd3c6b0b029700a3cc26', '::1', 1476053533, 0x5f5f63695f6c6173745f726567656e65726174657c693a313437363035333533333b),
('51141293db1c9d6602a8e8b0b048659e0bb83c54', '::1', 1476053533, 0x5f5f63695f6c6173745f726567656e65726174657c693a313437363035333533333b),
('2ee48db983575808f1eb76130173485aacd2b46b', '::1', 1476053533, 0x5f5f63695f6c6173745f726567656e65726174657c693a313437363035333533333b),
('36d9e31237bcbdc7977fe20aa12fdc5a487a566e', '::1', 1476053534, 0x5f5f63695f6c6173745f726567656e65726174657c693a313437363035333533333b),
('ba6ead43df4943853b2303d2adfee2eb37f3d60d', '::1', 1476053534, 0x5f5f63695f6c6173745f726567656e65726174657c693a313437363035333533343b),
('7e2da6424a0cd2024750d50a43eae4e498d8ffc5', '::1', 1476053534, 0x5f5f63695f6c6173745f726567656e65726174657c693a313437363035333533343b),
('3ef2dab3d5b1bc5542d4b13e3751cf0893fc166a', '::1', 1476053534, 0x5f5f63695f6c6173745f726567656e65726174657c693a313437363035333533343b),
('57b26c348c03c3c0df961709264f1d73c5844565', '::1', 1476053534, 0x5f5f63695f6c6173745f726567656e65726174657c693a313437363035333533343b),
('8aadd159f68198a6f9ecd7eda269f3d29313cdcc', '::1', 1476053534, 0x5f5f63695f6c6173745f726567656e65726174657c693a313437363035333533343b),
('38c1d5472a1dbdf8ee4104c5d56a5862d66ab7b6', '::1', 1476053534, 0x5f5f63695f6c6173745f726567656e65726174657c693a313437363035333533343b),
('fed57a2687c6f605d639a201e6dfea7a0dffe831', '::1', 1476053535, 0x5f5f63695f6c6173745f726567656e65726174657c693a313437363035333533353b),
('bab550166addb8693392f3091963521506cd1633', '::1', 1476053949, 0x5f5f63695f6c6173745f726567656e65726174657c693a313437363035333932373b),
('fb2bd7d1d2822c215deb6e7bc1487b3db82a32c9', '::1', 1476054076, 0x5f5f63695f6c6173745f726567656e65726174657c693a313437363035343037363b),
('228b112bd1c81f6c7243714a9011fe9a2c502490', '::1', 1476054077, 0x5f5f63695f6c6173745f726567656e65726174657c693a313437363035343037373b),
('28454699c89115e1ee3e11462913e9a56462fe5e', '::1', 1476054078, 0x5f5f63695f6c6173745f726567656e65726174657c693a313437363035343037383b),
('12ca0dff1746cbf3bcd1275b982c6648d278f17e', '::1', 1476054078, 0x5f5f63695f6c6173745f726567656e65726174657c693a313437363035343037383b),
('6afc727f11eb78d596895c6fa9013fc39f3d1c2c', '::1', 1476054078, 0x5f5f63695f6c6173745f726567656e65726174657c693a313437363035343037383b),
('2cf12c95953949a3d2a0049ce4701dcb86f35da2', '::1', 1476054078, 0x5f5f63695f6c6173745f726567656e65726174657c693a313437363035343037383b),
('a71c58b8306be1cdf155d2eaf3d8406490b9d36e', '::1', 1476054078, 0x5f5f63695f6c6173745f726567656e65726174657c693a313437363035343037383b),
('e71b81abfb32ff5ffdfda60d22406a13181356fa', '::1', 1476054078, 0x5f5f63695f6c6173745f726567656e65726174657c693a313437363035343037383b),
('0052835cb0b8d72a1eb006e0024b985804ec23e0', '::1', 1476054079, 0x5f5f63695f6c6173745f726567656e65726174657c693a313437363035343037393b),
('c9571314941480eabcfba39e573368ac7cfc0f29', '::1', 1476054079, 0x5f5f63695f6c6173745f726567656e65726174657c693a313437363035343037393b),
('2a97c09efc1a55ab5ab2b0495fab1bd66b0dcff8', '::1', 1476054079, 0x5f5f63695f6c6173745f726567656e65726174657c693a313437363035343037393b),
('2d62fbf4c108e02c38857d7dd5f5b38d1aef1fc7', '::1', 1476054079, 0x5f5f63695f6c6173745f726567656e65726174657c693a313437363035343037393b),
('3cb1ddfabc22696a281d84a3164a8a153a2a91bb', '::1', 1476054079, 0x5f5f63695f6c6173745f726567656e65726174657c693a313437363035343037393b),
('bbe52678327d58811c72880e269a9733392e07fa', '::1', 1476054079, 0x5f5f63695f6c6173745f726567656e65726174657c693a313437363035343037393b),
('fef591070c9a2806afc2a30e9702a5c6aa8a5ed8', '::1', 1476054080, 0x5f5f63695f6c6173745f726567656e65726174657c693a313437363035343038303b),
('0956ad3b166d24bc95280054a186645058f6cf98', '::1', 1476054080, 0x5f5f63695f6c6173745f726567656e65726174657c693a313437363035343038303b),
('56655ff9c87b07b5a746e074257c23497a54f917', '::1', 1476054080, 0x5f5f63695f6c6173745f726567656e65726174657c693a313437363035343038303b),
('336fba4eb73257ad2f3f4c172e1829b9e888d0b6', '::1', 1476054080, 0x5f5f63695f6c6173745f726567656e65726174657c693a313437363035343038303b),
('7c0847d389aad00e09a0c0965a493d8a5069f160', '::1', 1476054080, 0x5f5f63695f6c6173745f726567656e65726174657c693a313437363035343038303b),
('1c300277d106f0c90a35ce535ff31c818981306f', '::1', 1476054080, 0x5f5f63695f6c6173745f726567656e65726174657c693a313437363035343038303b),
('3f127ddc951c46fdd502642d146eb41efa808e1d', '::1', 1476054080, 0x5f5f63695f6c6173745f726567656e65726174657c693a313437363035343038303b),
('59509fa5c378772189951cbb54d861024f73a49e', '::1', 1476054195, 0x5f5f63695f6c6173745f726567656e65726174657c693a313437363035343139353b),
('d94d2cef605de3b79a356b0b5d6c06a540c11644', '::1', 1476054196, 0x5f5f63695f6c6173745f726567656e65726174657c693a313437363035343139363b),
('9545c875d8eb20e9aea961bf0d8160decec48a2a', '::1', 1476054197, 0x5f5f63695f6c6173745f726567656e65726174657c693a313437363035343139363b),
('7be7f475f3dc1a4ce60fdb39364a7ecd75a87324', '::1', 1476054197, 0x5f5f63695f6c6173745f726567656e65726174657c693a313437363035343139373b),
('e23005e38cb0acee238ed13414c190e6cf7331fa', '::1', 1476054197, 0x5f5f63695f6c6173745f726567656e65726174657c693a313437363035343139373b),
('ea3dcb15cdb3f7d9873a18d0646721153b9b707b', '::1', 1476054197, 0x5f5f63695f6c6173745f726567656e65726174657c693a313437363035343139373b),
('9979969ca9326633feb025d6b9e3f419277da6b7', '::1', 1476054197, 0x5f5f63695f6c6173745f726567656e65726174657c693a313437363035343139373b),
('4b9b7b8c90a81bcb296320979029e4daa9e94120', '::1', 1476054197, 0x5f5f63695f6c6173745f726567656e65726174657c693a313437363035343139373b),
('debe137ae845f054b2c2d84c5a96d368f607d340', '::1', 1476054198, 0x5f5f63695f6c6173745f726567656e65726174657c693a313437363035343139383b),
('5da89a5e2b1c466316270874e143e87efe9caa34', '::1', 1476054198, 0x5f5f63695f6c6173745f726567656e65726174657c693a313437363035343139383b),
('916a538c6f6a929e91e12d3218be16a61b2c9e8f', '::1', 1476054198, 0x5f5f63695f6c6173745f726567656e65726174657c693a313437363035343139383b),
('9fc448685f4e36eff27684170b08db6b7ffbc6d2', '::1', 1476054198, 0x5f5f63695f6c6173745f726567656e65726174657c693a313437363035343139383b),
('7946e2e222ce9ce48dd7cfcfc27076c6140bce24', '::1', 1476054198, 0x5f5f63695f6c6173745f726567656e65726174657c693a313437363035343139383b),
('c7c538f9e2d5ceffe57e3a22906733b8253921a5', '::1', 1476054199, 0x5f5f63695f6c6173745f726567656e65726174657c693a313437363035343139393b),
('37b71d7949e76114ef419e5578385f609d5d44bc', '::1', 1476054199, 0x5f5f63695f6c6173745f726567656e65726174657c693a313437363035343139393b),
('b054d11aa84ff1969fc461ff2a16d5ca09be8c8b', '::1', 1476054199, 0x5f5f63695f6c6173745f726567656e65726174657c693a313437363035343139393b),
('ea6a9834b1197ba383a183f5790dd8e3616cd755', '::1', 1476054199, 0x5f5f63695f6c6173745f726567656e65726174657c693a313437363035343139393b),
('2a43aa8bf5965f51bb45e26ba598a2ca54bc4530', '::1', 1476054199, 0x5f5f63695f6c6173745f726567656e65726174657c693a313437363035343139393b),
('0f54d500f69b76e8ee0fa2a63b6e2f0c61ea5392', '::1', 1476054199, 0x5f5f63695f6c6173745f726567656e65726174657c693a313437363035343139393b),
('db919aa36480d773fd74693c54bf0bd795d0d52e', '::1', 1476054200, 0x5f5f63695f6c6173745f726567656e65726174657c693a313437363035343139393b),
('651382d597a17b285f160f5485347c5d2b260545', '::1', 1476054200, 0x5f5f63695f6c6173745f726567656e65726174657c693a313437363035343230303b),
('1730ab508a540f792ffec6fe7dbb58d0e032fd20', '::1', 1476054568, 0x5f5f63695f6c6173745f726567656e65726174657c693a313437363035343335383b),
('603a7513ad351f85c1eec4f1442ea4f787e6a811', '::1', 1476055031, 0x5f5f63695f6c6173745f726567656e65726174657c693a313437363035343733353b),
('d6f496919a8345f105cac8dfa6bc56a42b08da1d', '::1', 1476055399, 0x5f5f63695f6c6173745f726567656e65726174657c693a313437363035353130343b),
('f81a01cbacdb5c037d4546996dc3d700f29e5925', '::1', 1476055598, 0x5f5f63695f6c6173745f726567656e65726174657c693a313437363035353430353b),
('8c71f05c2f65f1dc721b2c735438a435fdf295f7', '::1', 1476055791, 0x5f5f63695f6c6173745f726567656e65726174657c693a313437363035353733383b),
('5382474739f2bd9072961da94a309adfcfdd5340', '::1', 1476056199, 0x5f5f63695f6c6173745f726567656e65726174657c693a313437363035363139303b),
('77b3b4c281487d35e3a5a2443b97719f767040a4', '::1', 1476056214, 0x5f5f63695f6c6173745f726567656e65726174657c693a313437363035363230373b),
('702df8baa4574085fd4ec50e0d0cdaf053e233ef', '::1', 1476056652, 0x5f5f63695f6c6173745f726567656e65726174657c693a313437363035363634383b),
('d1da2e07ee51dd663f0d63a61cc113a18864b69f', '::1', 1476057340, 0x5f5f63695f6c6173745f726567656e65726174657c693a313437363035373038393b6964656e746974797c733a363a227a6472683133223b757365726e616d657c733a363a227a6472683133223b656d61696c7c733a32333a22687264696e612e7a64656e656b40676d61696c2e636f6d223b757365725f69647c733a313a2233223b6f6c645f6c6173745f6c6f67696e7c733a31303a2231343736303537323038223b),
('34ff1e9a56dc1853aa6c940b686286a651a89bc9', '::1', 1476057861, 0x5f5f63695f6c6173745f726567656e65726174657c693a313437363035373537333b6964656e746974797c733a363a227a6472683133223b757365726e616d657c733a363a227a6472683133223b656d61696c7c733a32333a22687264696e612e7a64656e656b40676d61696c2e636f6d223b757365725f69647c733a313a2233223b6f6c645f6c6173745f6c6f67696e7c733a31303a2231343736303537343431223b),
('1937582d7acacb28f46115354b47fcc5d530f97f', '::1', 1476057962, 0x5f5f63695f6c6173745f726567656e65726174657c693a313437363035373933303b6964656e746974797c733a343a227a647268223b757365726e616d657c733a343a227a647268223b656d61696c7c733a31343a22687264696e61406f6175682e637a223b757365725f69647c733a313a2232223b6f6c645f6c6173745f6c6f67696e7c733a31303a2231343736303237323137223b),
('72cfbeff708a6c59327e57ea93bf9eb63f8a609a', '2a00:1028:83da:233e:5ccb:5148:e202:b661', 1476059180, 0x5f5f63695f6c6173745f726567656e65726174657c693a313437363035393137383b),
('04c593b2e9b3457eb07d6076c4250875e1cd851b', '212.111.4.142', 1476080155, 0x5f5f63695f6c6173745f726567656e65726174657c693a313437363037393936323b),
('904315f045ad74d1cbac00cbef4789d6c96cbd61', '212.111.4.142', 1476080050, 0x5f5f63695f6c6173745f726567656e65726174657c693a313437363038303031363b),
('0edf5550e12e86c20c058f989ff59aaf4c406e76', '212.111.4.142', 1476085076, 0x5f5f63695f6c6173745f726567656e65726174657c693a313437363038353031343b),
('b113db4282728911806ac5de73038e68365612d1', '212.111.4.142', 1476085134, 0x5f5f63695f6c6173745f726567656e65726174657c693a313437363038353031343b),
('2a2102273e9b053831bf7e4b94ee30f0b58c0ded', '212.111.4.142', 1476085123, 0x5f5f63695f6c6173745f726567656e65726174657c693a313437363038353031363b),
('273fa350108ffff94a3e65abe69ac6404eebd9bc', '212.111.4.142', 1476085160, 0x5f5f63695f6c6173745f726567656e65726174657c693a313437363038353033323b),
('836f3d8ce008b36e909cefb8271da5e6d8c01a46', '212.111.4.142', 1476085067, 0x5f5f63695f6c6173745f726567656e65726174657c693a313437363038353033343b),
('99929e865b8a4e3b10b7751a605a26d913849096', '212.111.4.142', 1476085223, 0x5f5f63695f6c6173745f726567656e65726174657c693a313437363038353033383b),
('7991648b4c28f35ab0f93cf6a57209caa6962727', '212.111.4.142', 1476085159, 0x5f5f63695f6c6173745f726567656e65726174657c693a313437363038353034353b),
('73ba396b88dd84b4d90be3da081b05ae77512d99', '212.111.4.142', 1476085164, 0x5f5f63695f6c6173745f726567656e65726174657c693a313437363038353034393b),
('9bc61d026d433d03a8000f979ad8d8293198e85d', '212.111.4.142', 1476085145, 0x5f5f63695f6c6173745f726567656e65726174657c693a313437363038353037373b),
('12cf9a412b61c2729911df08d4e9be7588f98c2f', '212.111.4.142', 1476085120, 0x5f5f63695f6c6173745f726567656e65726174657c693a313437363038353039373b),
('9e49f420c0470289bf36cd2353b19abafe42f327', '212.111.4.142', 1476085153, 0x5f5f63695f6c6173745f726567656e65726174657c693a313437363038353135333b),
('72f15c32f1cc7a452a6152af32b0a2d667fbad26', '212.111.4.142', 1476085375, 0x5f5f63695f6c6173745f726567656e65726174657c693a313437363038353336343b),
('9f3871d1fea102c47d32997a7f2546e312dbaf9f', '212.111.4.142', 1476085926, 0x5f5f63695f6c6173745f726567656e65726174657c693a313437363038353930353b),
('00f653c6ce1f8687a2db1c5bf51902fefa3155d9', '212.111.4.142', 1476086500, 0x5f5f63695f6c6173745f726567656e65726174657c693a313437363038363338363b),
('375a762b5a961064a67854d5c63a17f204f81fd8', '212.111.4.142', 1476087590, 0x5f5f63695f6c6173745f726567656e65726174657c693a313437363038373539303b),
('8afaf44a890dfa6e983f861db8d5c6f6285fba17', '212.111.4.142', 1476088471, 0x5f5f63695f6c6173745f726567656e65726174657c693a313437363038383436353b),
('5629e585b8d393efa686026219a6b3bb324df532', '212.111.4.142', 1476099036, 0x5f5f63695f6c6173745f726567656e65726174657c693a313437363039383737353b6964656e746974797c733a363a227a6472683133223b757365726e616d657c733a363a227a6472683133223b656d61696c7c733a32333a22687264696e612e7a64656e656b40676d61696c2e636f6d223b757365725f69647c733a313a2233223b6f6c645f6c6173745f6c6f67696e7c733a31303a2231343736303938393834223b),
('86871fdf3d6dad0813ad70f865ee7f64a794f6fa', '212.111.4.142', 1476098901, 0x5f5f63695f6c6173745f726567656e65726174657c693a313437363039383737353b),
('247947b83525aa4e233ce4cc82b7437b626793f5', '212.111.4.142', 1476098844, 0x5f5f63695f6c6173745f726567656e65726174657c693a313437363039383738363b),
('cab8bcd8afca3b4fa6519120ee41e9bc1c65eae9', '212.111.4.142', 1476098786, 0x5f5f63695f6c6173745f726567656e65726174657c693a313437363039383738363b),
('89494129ed1169c2bf91f9390cb3c7722f98cbc3', '212.111.4.142', 1476098814, 0x5f5f63695f6c6173745f726567656e65726174657c693a313437363039383738383b),
('691102e65b47a2f3da3a783a24b88db11b1ae929', '212.111.4.142', 1476098884, 0x5f5f63695f6c6173745f726567656e65726174657c693a313437363039383738383b),
('69d62c269b749fad8fc9c7b752bc6a64ed6cb24f', '212.111.4.142', 1476099056, 0x5f5f63695f6c6173745f726567656e65726174657c693a313437363039383739323b6964656e746974797c733a363a227a6472683133223b757365726e616d657c733a363a227a6472683133223b656d61696c7c733a32333a22687264696e612e7a64656e656b40676d61696c2e636f6d223b757365725f69647c733a313a2233223b6f6c645f6c6173745f6c6f67696e7c733a31303a2231343736303836333632223b),
('cc2d5d19978f6dd49a7c36a99c8fae131eeb4fc5', '212.111.4.142', 1476098988, 0x5f5f63695f6c6173745f726567656e65726174657c693a313437363039383830353b),
('14351a8e4118c90fdf89312aed1af423bea97b07', '212.111.4.142', 1476098984, 0x5f5f63695f6c6173745f726567656e65726174657c693a313437363039383830383b),
('c1858d3c86684de57f75d97600cf48d1d1e8a381', '212.111.4.142', 1476099007, 0x5f5f63695f6c6173745f726567656e65726174657c693a313437363039383835313b6964656e746974797c733a363a227a6472683133223b757365726e616d657c733a363a227a6472683133223b656d61696c7c733a32333a22687264696e612e7a64656e656b40676d61696c2e636f6d223b757365725f69647c733a313a2233223b6f6c645f6c6173745f6c6f67696e7c733a31303a2231343736303938393835223b),
('9c980d7f7c8cab5bd81036de26d14018c487dbca', '212.111.4.142', 1476099206, 0x5f5f63695f6c6173745f726567656e65726174657c693a313437363039383939313b),
('74b80c18416268f6f4bb4eb68483e449e4e7ce53', '212.111.4.142', 1476099143, 0x5f5f63695f6c6173745f726567656e65726174657c693a313437363039393037353b6d6573736167657c733a34333a224e65737072c3a1766ec3a92075c5be69766174656c736bc3a9206a6dc3a96e6f206e65626f206865736c6f223b5f5f63695f766172737c613a313a7b733a373a226d657373616765223b733a333a226f6c64223b7d),
('9bf04adac7205e3b2683d5dae24e5f1417ced5b0', '212.111.4.142', 1476099116, 0x5f5f63695f6c6173745f726567656e65726174657c693a313437363039393131303b),
('41add49a16c9a198cc262a246f40b25d40d2596b', '212.111.4.142', 1476099613, 0x5f5f63695f6c6173745f726567656e65726174657c693a313437363039393631323b),
('60c91c83b3b6d0eb05da555072b737c978d4099a', '80.251.248.32', 1476103648, 0x5f5f63695f6c6173745f726567656e65726174657c693a313437363130333634383b),
('283cd5f53989f3c7f730867e987177b9a8c029d6', '80.251.248.32', 1476103659, 0x5f5f63695f6c6173745f726567656e65726174657c693a313437363130333635393b),
('43fe6bca59fe0ac81cd00a31f2b43910d71550fd', '80.251.248.32', 1476103668, 0x5f5f63695f6c6173745f726567656e65726174657c693a313437363130333636383b),
('7738a8d9afef204dc3c73392f155d17a4e074380', '80.251.248.32', 1476104045, 0x5f5f63695f6c6173745f726567656e65726174657c693a313437363130343033313b),
('9f998ff486f9af26ec9471dc4b210b8f8976b7f0', '212.111.4.142', 1476104180, 0x5f5f63695f6c6173745f726567656e65726174657c693a313437363130343138303b),
('74c50bc798062c46389497caba65498eb71bbcd2', '212.111.4.142', 1476104204, 0x5f5f63695f6c6173745f726567656e65726174657c693a313437363130343230303b),
('cebbcb5a1d5c53a22bebd62bb43bf05e8af39459', '80.251.248.32', 1476104423, 0x5f5f63695f6c6173745f726567656e65726174657c693a313437363130343333333b),
('b25496615831af724ed1ad04bae85cca090f3fa5', '80.251.248.32', 1476105294, 0x5f5f63695f6c6173745f726567656e65726174657c693a313437363130353130303b),
('b0ec02701c7b620644982a591420ac07d2a83e04', '80.251.248.32', 1476105632, 0x5f5f63695f6c6173745f726567656e65726174657c693a313437363130353533373b),
('0a17a2bc1e906eaa8520205922766a487acdeb88', '80.251.248.32', 1476105982, 0x5f5f63695f6c6173745f726567656e65726174657c693a313437363130353935333b),
('ac753fad16d2c65ee49189ea26eaf4a17d9d7cb7', '80.251.248.32', 1476110433, 0x5f5f63695f6c6173745f726567656e65726174657c693a313437363131303134393b),
('a07480ba3d1c55fb00a15cc7d1889c1b1b9f6be2', '80.251.248.32', 1476110500, 0x5f5f63695f6c6173745f726567656e65726174657c693a313437363131303530303b),
('82f2ad115c3de5415453d4587a6e5e1803ef5cc1', '80.251.248.32', 1476111379, 0x5f5f63695f6c6173745f726567656e65726174657c693a313437363131313334323b),
('420537cbfb70c013f48b915a6c817cf2c3ce90da', '80.251.248.32', 1476112153, 0x5f5f63695f6c6173745f726567656e65726174657c693a313437363131313933363b),
('dd3c5f4cf0a0e373386e8e9b09364aa28bbdd123', '80.251.248.32', 1476112833, 0x5f5f63695f6c6173745f726567656e65726174657c693a313437363131323635393b),
('84e4f34bb57fb7000ca3f30ea223c8fc09ba84ed', '80.251.248.32', 1476113157, 0x5f5f63695f6c6173745f726567656e65726174657c693a313437363131333135363b),
('37a57689e22bbd12058035d86e4034033c468ff2', '80.251.248.32', 1476114147, 0x5f5f63695f6c6173745f726567656e65726174657c693a313437363131343134373b),
('7f8b16e55546f139f6d2bfd0520a3f2fe2ad9e6b', '66.249.93.146', 1476120187, 0x5f5f63695f6c6173745f726567656e65726174657c693a313437363132303138373b),
('e817ab94dc8295b2c38710ca4728f95c7e6ebc7c', '79.170.251.146', 1476129191, 0x5f5f63695f6c6173745f726567656e65726174657c693a313437363132393138363b),
('7ecc3f1f5076fe846d7c13dac6af816f8bf64df4', '80.251.248.32', 1476137651, 0x5f5f63695f6c6173745f726567656e65726174657c693a313437363133373439383b),
('80660bbf92a41428b69b8d593f0d86be8cc1701a', '80.251.248.32', 1476138207, 0x5f5f63695f6c6173745f726567656e65726174657c693a313437363133383230373b),
('ecf9f2d1f8f6ec0789bf3a83948fffa286783ab9', '80.251.248.32', 1476161654, 0x5f5f63695f6c6173745f726567656e65726174657c693a313437363136313635343b),
('a5eef3269c7848a10b5b2437e5bf339bf8d77a73', '212.111.4.142', 1476168723, 0x5f5f63695f6c6173745f726567656e65726174657c693a313437363136383535353b),
('e2ca5a24c59e674686e7de53e2ac5cd2cd2deded', '212.111.4.142', 1476168616, 0x5f5f63695f6c6173745f726567656e65726174657c693a313437363136383535353b),
('582e46c4fe4e43a2fbb53fe50521b2085eac990e', '212.111.4.142', 1476168557, 0x5f5f63695f6c6173745f726567656e65726174657c693a313437363136383535373b),
('4274c2b174d0a10a7bb884855ce9844d49bc0f2e', '212.111.4.142', 1476168714, 0x5f5f63695f6c6173745f726567656e65726174657c693a313437363136383536313b),
('2210d9ea91fdd08d4a663a6b6379466e3291f71f', '212.111.4.142', 1476168737, 0x5f5f63695f6c6173745f726567656e65726174657c693a313437363136383536323b),
('0efc168380b0af3cfb7383e36921e6c87210327f', '212.111.4.142', 1476168616, 0x5f5f63695f6c6173745f726567656e65726174657c693a313437363136383536323b),
('05489793196d3c0ddd6af0ab3c3d08f95d684228', '212.111.4.142', 1476168694, 0x5f5f63695f6c6173745f726567656e65726174657c693a313437363136383536323b),
('66681dd5e364c2db68a24f3c63e35fd8e2d10169', '212.111.4.142', 1476168706, 0x5f5f63695f6c6173745f726567656e65726174657c693a313437363136383536353b),
('ef3a493e9755fd57cf4e17ae36127b05be74b26f', '212.111.4.142', 1476168806, 0x5f5f63695f6c6173745f726567656e65726174657c693a313437363136383537313b),
('1c918ec2bd10fde39f229c04ef56053ce2743de5', '212.111.4.142', 1476168716, 0x5f5f63695f6c6173745f726567656e65726174657c693a313437363136383537343b),
('2f4b6a202b434cd4c1a54c18514129a76d7a1d0b', '212.111.4.142', 1476168711, 0x5f5f63695f6c6173745f726567656e65726174657c693a313437363136383537383b),
('38ef01c147d76d418350cb1b48bfa518ccd96524', '212.111.4.142', 1476168737, 0x5f5f63695f6c6173745f726567656e65726174657c693a313437363136383537383b),
('ddf0d4f941f67b5590a7ecfcca1bb2bd6063569f', '212.111.4.142', 1476168715, 0x5f5f63695f6c6173745f726567656e65726174657c693a313437363136383637323b),
('bcf61657dbedec1cbe686c7a60b98193312e0ebb', '212.111.4.142', 1476168820, 0x5f5f63695f6c6173745f726567656e65726174657c693a313437363136383738323b),
('5607045b9ba10a0bcbe8e56b19d453f665eaec9a', '212.111.4.142', 1476169028, 0x5f5f63695f6c6173745f726567656e65726174657c693a313437363136383937333b6d6573736167657c733a34333a224e65737072c3a1766ec3a92075c5be69766174656c736bc3a9206a6dc3a96e6f206e65626f206865736c6f223b5f5f63695f766172737c613a313a7b733a373a226d657373616765223b733a333a226f6c64223b7d),
('d91f9b9981502189cadd73abf95365331ff1cd16', '212.111.4.142', 1476169030, 0x5f5f63695f6c6173745f726567656e65726174657c693a313437363136393030303b),
('055fbf73a986af3a078c8a055dbb2f17927cf346', '212.111.4.142', 1476169071, 0x5f5f63695f6c6173745f726567656e65726174657c693a313437363136393031383b),
('23e9ab31ebd25cd5c29a63fd610b63419edcfb81', '212.111.4.142', 1476169047, 0x5f5f63695f6c6173745f726567656e65726174657c693a313437363136393032303b6964656e746974797c733a363a227a6472683133223b757365726e616d657c733a363a227a6472683133223b656d61696c7c733a32333a22687264696e612e7a64656e656b40676d61696c2e636f6d223b757365725f69647c733a313a2233223b6f6c645f6c6173745f6c6f67696e7c733a31303a2231343736303938393837223b),
('b3248198d7ff1bf451044f7e8b7affde9aa7ed0b', '212.111.4.142', 1476169064, 0x5f5f63695f6c6173745f726567656e65726174657c693a313437363136393033383b),
('e87e1458ab0a5ec55f52c9430f1d6bbb9495a765', '212.111.4.142', 1476169052, 0x5f5f63695f6c6173745f726567656e65726174657c693a313437363136393034383b),
('a754ecbbe6d4d0a5e357c70ee981c46626fdbf1b', '212.111.4.142', 1476169158, 0x5f5f63695f6c6173745f726567656e65726174657c693a313437363136393135383b),
('c3be9d7209bb0b916106af7f27c2fd24e32ff9ed', '212.111.4.142', 1476169910, 0x5f5f63695f6c6173745f726567656e65726174657c693a313437363136393931303b),
('4cc8017973ee3219b6212a3a623d31f47c150907', '212.111.4.142', 1476171207, 0x5f5f63695f6c6173745f726567656e65726174657c693a313437363137313230373b),
('d53a7ca72d6923b5e3f2b981e17962ea8af57db8', '212.111.4.142', 1476171905, 0x5f5f63695f6c6173745f726567656e65726174657c693a313437363137313839393b),
('7841ab973943932917781911e502e6913f6660ff', '212.111.4.142', 1476172955, 0x5f5f63695f6c6173745f726567656e65726174657c693a313437363137323930313b),
('e4eec7168773abd70972bd539ccaf28ea435c4dc', '212.111.4.142', 1476173414, 0x5f5f63695f6c6173745f726567656e65726174657c693a313437363137333431343b),
('c928f2d7f5fdc121424704e7ae9bff64a76cadd5', '212.111.4.142', 1476178898, 0x5f5f63695f6c6173745f726567656e65726174657c693a313437363137383839333b),
('03167c44603d542f13ba0fb7a59dd2ee04695132', '212.111.4.142', 1476179495, 0x5f5f63695f6c6173745f726567656e65726174657c693a313437363137393439353b),
('14c42c36ab5f6af27be622bed8f3b88141c1181b', '80.251.248.32', 1476184944, 0x5f5f63695f6c6173745f726567656e65726174657c693a313437363138343934343b),
('ed1f8090244d9a845cc86f504bb36e9cb52dd3e8', '80.251.248.32', 1476185560, 0x5f5f63695f6c6173745f726567656e65726174657c693a313437363138353536303b),
('0a5d60cfc07fe464613cf13617b9fd3e3a70f82c', '80.251.248.32', 1476194621, 0x5f5f63695f6c6173745f726567656e65726174657c693a313437363139343631333b),
('5cd7e91b29db2355a3448dffd5a575a34c40e18b', '80.251.248.32', 1476204628, 0x5f5f63695f6c6173745f726567656e65726174657c693a313437363230343631353b),
('92c26b32af8ac9dba2b62f681a42d4f9b1f82521', '80.251.248.32', 1476213958, 0x5f5f63695f6c6173745f726567656e65726174657c693a313437363231333934353b),
('6159f9da722c617acb69a8fb756ef25c4038511f', '80.251.248.32', 1476250840, 0x5f5f63695f6c6173745f726567656e65726174657c693a313437363235303834303b),
('a73e8f4ed58d06425330412a8bf61f895ababb9d', '80.251.248.32', 1476280206, 0x5f5f63695f6c6173745f726567656e65726174657c693a313437363238303230363b),
('68628fd7aec6a61ed3f14e29db8ea74006f8a825', '80.251.248.32', 1476280554, 0x5f5f63695f6c6173745f726567656e65726174657c693a313437363238303535343b),
('3a7d13a6ae50f8c78b4b30fb2c9ae9507e016cda', '80.251.248.32', 1476286395, 0x5f5f63695f6c6173745f726567656e65726174657c693a313437363238363235303b),
('d9c43aaed689da9a685fb1db43167012d9b18ce0', '80.251.248.32', 1476334237, 0x5f5f63695f6c6173745f726567656e65726174657c693a313437363333343233373b),
('654563a0484afdfd0c1f83cf6620acae2ae950d1', '212.111.4.142', 1476359963, 0x5f5f63695f6c6173745f726567656e65726174657c693a313437363335393936333b),
('75aeeb9cb5653720437ecb6da1f8468d831614a3', '80.251.248.32', 1476366735, 0x5f5f63695f6c6173745f726567656e65726174657c693a313437363336363733353b),
('b9c9f7a0ed0712c66ee2ea4bb9a36ab5526a4981', '80.251.248.32', 1476420755, 0x5f5f63695f6c6173745f726567656e65726174657c693a313437363432303735353b),
('34ec53c0e692601aeda061f1436a3dd8dae7ac40', '80.251.248.32', 1476454932, 0x5f5f63695f6c6173745f726567656e65726174657c693a313437363435343933323b),
('8aeab9c1ffec5249edb41abf1c6ce74e174b3608', '80.251.248.32', 1476522079, 0x5f5f63695f6c6173745f726567656e65726174657c693a313437363532323037393b),
('a7b35f8aa91111a59640203e4c4acbfb54bc2360', '80.251.248.32', 1476526284, 0x5f5f63695f6c6173745f726567656e65726174657c693a313437363532363238343b),
('698b59034241e4a053b1abb47624a8d25b7fca75', '80.251.248.32', 1476526632, 0x5f5f63695f6c6173745f726567656e65726174657c693a313437363532363633323b),
('783297b532f53287c8f2eb4870c7e68ef8080286', '80.251.248.32', 1476534586, 0x5f5f63695f6c6173745f726567656e65726174657c693a313437363533343538363b),
('c2926dc26e8f0cb9c50337dcbef702e494275734', '80.251.248.32', 1476535454, 0x5f5f63695f6c6173745f726567656e65726174657c693a313437363533353435343b),
('9306c0d1d48a9a87d5c1ee6db5b501088eb2ae86', '80.251.248.32', 1476536746, 0x5f5f63695f6c6173745f726567656e65726174657c693a313437363533363734343b),
('c03dae37de7c6001aeaffb7476fa3e9efd055655', '80.251.248.32', 1476537487, 0x5f5f63695f6c6173745f726567656e65726174657c693a313437363533373438373b),
('ea392f6f7cbcacfdacdd8bacd0b8e29bbc958270', '80.251.248.32', 1476539870, 0x5f5f63695f6c6173745f726567656e65726174657c693a313437363533393837303b),
('a033e2993907b78ed0251c485531bfa37fc8d3bf', '80.251.248.32', 1476607677, 0x5f5f63695f6c6173745f726567656e65726174657c693a313437363630373637363b),
('97dddc18656fd50a55f5d37623151389df5991fb', '2a00:1028:83da:233e:48d6:abc2:7b07:d6b6', 1476622755, 0x5f5f63695f6c6173745f726567656e65726174657c693a313437363632323539303b),
('a9ec41c9ac9f8ea2ea9e701938daa554408c3de6', '2a03:2880:1020:3ff5:face:b00c:0:8000', 1476622717, 0x5f5f63695f6c6173745f726567656e65726174657c693a313437363632323731373b),
('9d31e13583b41d39a3590ee9c440840f690b9c50', '31.134.219.184', 1476622770, 0x5f5f63695f6c6173745f726567656e65726174657c693a313437363632323732313b),
('2b161eee18cb5b8ec1209a34597ef2eb2ac6b272', '78.102.197.102', 1476622945, 0x5f5f63695f6c6173745f726567656e65726174657c693a313437363632323931363b),
('273d2f3ea1685c871cb5320b00792e16e2ba58a4', '2a00:1028:83da:233e:48d6:abc2:7b07:d6b6', 1476623935, 0x5f5f63695f6c6173745f726567656e65726174657c693a313437363632333933323b),
('14f4e7186413ae5f244c383f8b14ba16cc9d9b85', '2a03:2880:1020:3ff7:face:b00c:0:8000', 1476623968, 0x5f5f63695f6c6173745f726567656e65726174657c693a313437363632333936383b),
('0a3eeac585146dfea536944c6b1fa33fbf37c26f', '2a03:2880:3010:dff4:face:b00c:0:8000', 1476623972, 0x5f5f63695f6c6173745f726567656e65726174657c693a313437363632333937323b),
('fdd52cd6852fae1cc6a0089d9de53ebddb9cabb7', '2a03:2880:3010:4ff4:face:b00c:0:1', 1476623972, 0x5f5f63695f6c6173745f726567656e65726174657c693a313437363632333937323b),
('4c5bd492fee609ff4b7ac77b1b645dd367b85ed5', '81.161.64.32', 1476624239, 0x5f5f63695f6c6173745f726567656e65726174657c693a313437363632343233393b),
('4f6cb1b939be19fb126d05711e5eb8dbdb129663', '81.161.64.32', 1476625350, 0x5f5f63695f6c6173745f726567656e65726174657c693a313437363632353335303b),
('ffa01e9df9755c364a7f537380871c475bf6fd77', '80.251.248.32', 1476631339, 0x5f5f63695f6c6173745f726567656e65726174657c693a313437363633313333353b),
('a2602ac9e6c1bb41281b796d0ef6022f925686ca', '80.251.248.32', 1476631734, 0x5f5f63695f6c6173745f726567656e65726174657c693a313437363633313733343b),
('055e9919c0ff5e7233deb4a6cc1e7f3efeddee02', '80.251.248.32', 1476632823, 0x5f5f63695f6c6173745f726567656e65726174657c693a313437363633323532333b),
('e2556e0ed15102f4f06aafa0ca6c24ad8b8d533c', '80.251.248.32', 1476633110, 0x5f5f63695f6c6173745f726567656e65726174657c693a313437363633323832343b),
('0f3b4c2819185296b2fd2e960b5a3be16cd9f5b1', '2a03:2880:1020:3fee:face:b00c:0:8000', 1476632996, 0x5f5f63695f6c6173745f726567656e65726174657c693a313437363633323939363b),
('b7fe3df3646df2c657bf0d3959abb0bba08ebe47', '2a03:2880:3020:7fe2:face:b00c:0:8000', 1476632999, 0x5f5f63695f6c6173745f726567656e65726174657c693a313437363633323939393b),
('7d4e44ff229797ad88e1f8738a7e9fa4ee284a68', '77.48.59.171', 1476633192, 0x5f5f63695f6c6173745f726567656e65726174657c693a313437363633333030373b),
('6b07960650d94cfca5025b32092acf142fcc40d3', '80.251.248.32', 1476633418, 0x5f5f63695f6c6173745f726567656e65726174657c693a313437363633333237393b),
('1c3b85852ef30a73f80599b4463d51fe0112e306', '77.48.59.171', 1476633863, 0x5f5f63695f6c6173745f726567656e65726174657c693a313437363633333833313b),
('e454f93aa9589fa27dc15cead4a0d3246dbc0a99', '80.251.248.32', 1476635163, 0x5f5f63695f6c6173745f726567656e65726174657c693a313437363633353136333b),
('5fa390cfc4368cba85bf32cad3d8edb6063cdc84', '77.48.59.171', 1476635725, 0x5f5f63695f6c6173745f726567656e65726174657c693a313437363633353636373b),
('f991f103ee0aea748b39af20a45e9c415f4639fe', '80.251.248.32', 1476635943, 0x5f5f63695f6c6173745f726567656e65726174657c693a313437363633353934333b),
('20eec103f32e462e3216bbeb6c1ab14d1c5bac81', '77.48.59.171', 1476639154, 0x5f5f63695f6c6173745f726567656e65726174657c693a313437363633393133313b),
('e4717d8b60133c7ea53332e1cf7d4282f5cd6655', '77.48.59.171', 1476647851, 0x5f5f63695f6c6173745f726567656e65726174657c693a313437363634373639363b),
('8bea2887faf263eedb7c660a4a2b55b7fa57ab7c', '212.111.4.142', 1476686167, 0x5f5f63695f6c6173745f726567656e65726174657c693a313437363638363136343b),
('6550cc0d65da596073498c94685c60f8a6562f74', '212.111.4.142', 1476690436, 0x5f5f63695f6c6173745f726567656e65726174657c693a313437363639303433363b),
('3b80acada0b9bb972e9ddd022f26cd196d3329e3', '212.111.4.142', 1476698916, 0x5f5f63695f6c6173745f726567656e65726174657c693a313437363639383832303b),
('08e29fe63e5f38366d675c12500dbee85b915ea1', '212.111.4.142', 1476703871, 0x5f5f63695f6c6173745f726567656e65726174657c693a313437363730333736353b),
('dc7aaf4a5f5ee47a8d052c6385f1b282a98c2e23', '212.111.4.142', 1476703960, 0x5f5f63695f6c6173745f726567656e65726174657c693a313437363730333736363b6964656e746974797c733a343a2270657461223b757365726e616d657c733a343a2270657461223b656d61696c7c733a31363a2270657472353140676d61696c2e636f6d223b757365725f69647c733a313a2235223b6f6c645f6c6173745f6c6f67696e7c4e3b),
('7ada67a49ca9921038224f7e43ab6f4e4e935beb', '212.111.4.142', 1476703998, 0x5f5f63695f6c6173745f726567656e65726174657c693a313437363730333736373b),
('693992afddc374cc2d7dc7e316c5bcd0903dd862', '212.111.4.142', 1476703868, 0x5f5f63695f6c6173745f726567656e65726174657c693a313437363730333737303b),
('3e5a2fb4ebc3d1e72c7b3d49932b846c166a0c73', '212.111.4.142', 1476703816, 0x5f5f63695f6c6173745f726567656e65726174657c693a313437363730333737333b),
('0bf893f8d5409a51f1d70b7b0f21ad09285b81e3', '212.111.4.142', 1476704030, 0x5f5f63695f6c6173745f726567656e65726174657c693a313437363730333737353b6964656e746974797c733a373a226d61726b6b6b6b223b757365726e616d657c733a373a226d61726b6b6b6b223b656d61696c7c733a32353a226d6172656b6265726b61406d61696c696e61746f722e636f6d223b757365725f69647c733a313a2236223b6f6c645f6c6173745f6c6f67696e7c4e3b),
('6af0a1e9b08bbb7594be8933e4deb2155e8e1a86', '212.111.4.142', 1476703798, 0x5f5f63695f6c6173745f726567656e65726174657c693a313437363730333737393b),
('9613c63defbf9e784e9377d5b39aece91cd412f8', '212.111.4.142', 1476704167, 0x5f5f63695f6c6173745f726567656e65726174657c693a313437363730343136373b),
('827b3cb324c9a62b60286c911619a1685acbbd14', '212.111.4.142', 1476704223, 0x5f5f63695f6c6173745f726567656e65726174657c693a313437363730343230343b),
('8683477adfbf8fb6aa9f64ffebeb6d914b9ab56e', '212.111.4.142', 1476704222, 0x5f5f63695f6c6173745f726567656e65726174657c693a313437363730343231303b),
('33d40c5f219b95040368b0b637d5f3a4f9bc3602', '212.111.4.142', 1476704250, 0x5f5f63695f6c6173745f726567656e65726174657c693a313437363730343231323b646174617c613a363a7b733a383a22757365726e616d65223b613a353a7b733a343a226e616d65223b733a383a22757365726e616d65223b733a353a2276616c7565223b733a303a22223b733a373a226d657373616765223b733a33383a22506f6c652075c5be69766174656c736bc3a9206a6dc3a96e6f206a6520706f76696e6ec3a92e223b733a31303a22737461747573466f726d223b733a393a226861732d6572726f72223b733a31303a2273746174757349636f6e223b733a383a2266612d74696d6573223b7d733a383a2270617373776f7264223b613a353a7b733a343a226e616d65223b733a383a2270617373776f7264223b733a353a2276616c7565223b733a303a22223b733a373a226d657373616765223b733a32333a22506f6c65206865736c6f206a6520706f76696e6ec3a92e223b733a31303a22737461747573466f726d223b733a393a226861732d6572726f72223b733a31303a2273746174757349636f6e223b733a383a2266612d74696d6573223b7d733a343a226e616d65223b613a353a7b733a343a226e616d65223b733a343a226e616d65223b733a353a2276616c7565223b733a303a22223b733a373a226d657373616765223b733a32343a22506f6c65206a6dc3a96e6f206a6520706f76696e6ec3a92e223b733a31303a22737461747573466f726d223b733a393a226861732d6572726f72223b733a31303a2273746174757349636f6e223b733a383a2266612d74696d6573223b7d733a373a227375726e616d65223b613a353a7b733a343a226e616d65223b733a373a227375726e616d65223b733a353a2276616c7565223b733a303a22223b733a373a226d657373616765223b733a32393a22506f6c652070c599c3ad6a6d656ec3ad206a6520706f76696e6ec3a92e223b733a31303a22737461747573466f726d223b733a393a226861732d6572726f72223b733a31303a2273746174757349636f6e223b733a383a2266612d74696d6573223b7d733a353a22656d61696c223b613a353a7b733a343a226e616d65223b733a353a22656d61696c223b733a353a2276616c7565223b733a303a22223b733a373a226d657373616765223b733a32333a22506f6c6520656d61696c206a6520706f76696e6ec3a92e223b733a31303a22737461747573466f726d223b733a393a226861732d6572726f72223b733a31303a2273746174757349636f6e223b733a383a2266612d74696d6573223b7d733a373a22636f6e6669726d223b613a353a7b733a343a226e616d65223b733a373a22636f6e6669726d223b733a353a2276616c7565223b733a303a22223b733a373a226d657373616765223b733a33343a22506f6c6520706f7476727a656ec3ad206865736c61206a6520706f76696e6ec3a92e223b733a31303a22737461747573466f726d223b733a393a226861732d6572726f72223b733a31303a2273746174757349636f6e223b733a383a2266612d74696d6573223b7d7d5f5f63695f766172737c613a313a7b733a343a2264617461223b733a333a226f6c64223b7d),
('e693cdb76d9171ebe05cb02cf2895145f92aa1c0', '212.111.4.142', 1476704603, 0x5f5f63695f6c6173745f726567656e65726174657c693a313437363730343531373b6964656e746974797c733a343a2261626364223b757365726e616d657c733a343a2261626364223b656d61696c7c733a31333a2261636240676d61696c2e636f6d223b757365725f69647c733a313a2238223b6f6c645f6c6173745f6c6f67696e7c4e3b),
('d987ef93adda85f32fb33031906bfb84c6ce10cb', '80.251.248.32', 1476707859, 0x5f5f63695f6c6173745f726567656e65726174657c693a313437363730373835393b),
('4124bcadad9c9900e174418e7ee3b99c6ec320bb', '212.111.4.142', 1476708582, 0x5f5f63695f6c6173745f726567656e65726174657c693a313437363730383536373b),
('f54546186f63880c72a9c7187fd5b7b7ab03dee6', '212.111.4.142', 1476708912, 0x5f5f63695f6c6173745f726567656e65726174657c693a313437363730383838313b646174617c613a363a7b733a383a22757365726e616d65223b613a353a7b733a343a226e616d65223b733a383a22757365726e616d65223b733a353a2276616c7565223b733a333a22666473223b733a373a226d657373616765223b733a303a22223b733a31303a22737461747573466f726d223b733a31313a226861732d73756363657373223b733a31303a2273746174757349636f6e223b733a383a2266612d636865636b223b7d733a383a2270617373776f7264223b613a353a7b733a343a226e616d65223b733a383a2270617373776f7264223b733a353a2276616c7565223b733a303a22223b733a373a226d657373616765223b733a35333a224d696e696dc3a16c6ec3ad20706fc48d6574207a6e616bc5af207620706f6c69206865736c6f206d7573c3ad2062c3bd742020382e223b733a31303a22737461747573466f726d223b733a393a226861732d6572726f72223b733a31303a2273746174757349636f6e223b733a383a2266612d74696d6573223b7d733a343a226e616d65223b613a353a7b733a343a226e616d65223b733a343a226e616d65223b733a353a2276616c7565223b733a333a22666467223b733a373a226d657373616765223b733a303a22223b733a31303a22737461747573466f726d223b733a31313a226861732d73756363657373223b733a31303a2273746174757349636f6e223b733a383a2266612d636865636b223b7d733a373a227375726e616d65223b613a353a7b733a343a226e616d65223b733a373a227375726e616d65223b733a353a2276616c7565223b733a343a2264676673223b733a373a226d657373616765223b733a303a22223b733a31303a22737461747573466f726d223b733a31313a226861732d73756363657373223b733a31303a2273746174757349636f6e223b733a383a2266612d636865636b223b7d733a353a22656d61696c223b613a353a7b733a343a226e616d65223b733a353a22656d61696c223b733a353a2276616c7565223b733a333a22676466223b733a373a226d657373616765223b733a35333a22506f6c6520656d61696c206d7573c3ad206f627361686f7661742076616c69646ec3ad20656d61696c6f766f75206164726573752e223b733a31303a22737461747573466f726d223b733a393a226861732d6572726f72223b733a31303a2273746174757349636f6e223b733a383a2266612d74696d6573223b7d733a373a22636f6e6669726d223b613a353a7b733a343a226e616d65223b733a373a22636f6e6669726d223b733a353a2276616c7565223b733a303a22223b733a373a226d657373616765223b733a36343a224d696e696dc3a16c6ec3ad20706fc48d6574207a6e616bc5af207620706f6c6920706f7476727a656ec3ad206865736c61206d7573c3ad2062c3bd742020382e223b733a31303a22737461747573466f726d223b733a393a226861732d6572726f72223b733a31303a2273746174757349636f6e223b733a383a2266612d74696d6573223b7d7d5f5f63695f766172737c613a313a7b733a343a2264617461223b733a333a226f6c64223b7d),
('b583cfc1f2cfe57d7288da063145e92ef0c4fa8b', '77.48.59.171', 1476710708, 0x5f5f63695f6c6173745f726567656e65726174657c693a313437363731303730353b),
('108933f6b4fd70f6c40f6c55ca8753151b7788ae', '77.48.59.171', 1476711961, 0x5f5f63695f6c6173745f726567656e65726174657c693a313437363731313936313b),
('8a69404eb86d050ec282043d56dd53c45dc44f51', '80.251.248.32', 1476715080, 0x5f5f63695f6c6173745f726567656e65726174657c693a313437363731353038303b),
('9918f81ccc98177f9671f75987553cc7e723329f', '31.134.219.184', 1476716517, 0x5f5f63695f6c6173745f726567656e65726174657c693a313437363731363531373b),
('a46aa58fa1e6699ac0e2eaa76784d5d4f2ee77db', '80.251.248.32', 1476725791, 0x5f5f63695f6c6173745f726567656e65726174657c693a313437363732353738353b),
('1fa84b85f9f8319668f9f76fd4460958a14fb636', '80.251.248.32', 1476726869, 0x5f5f63695f6c6173745f726567656e65726174657c693a313437363732363836393b),
('e1e72ac54f684748289297b5d81b8ae4277c6048', '80.251.248.32', 1476728943, 0x5f5f63695f6c6173745f726567656e65726174657c693a313437363732383934333b),
('3a7a81e2631871a4a308a138f9e2264926a377bd', '80.251.248.32', 1476765466, 0x5f5f63695f6c6173745f726567656e65726174657c693a313437363736353436363b),
('43c359641041f7c83d113f13b501b3952f8dfce1', '80.251.248.32', 1476793758, 0x5f5f63695f6c6173745f726567656e65726174657c693a313437363739333735383b),
('69cd56f2fb85a54ffbeaf30ac3e1b347e26149a3', '80.251.248.32', 1476795502, 0x5f5f63695f6c6173745f726567656e65726174657c693a313437363739353530313b),
('b1907967eb0659cf5f9497bd1b963d8bf5a244da', '79.170.251.146', 1476799516, 0x5f5f63695f6c6173745f726567656e65726174657c693a313437363739393435393b),
('3135496791bbab0e80e18cf736ad5e7ab1c8dc82', '2a03:2880:3010:3fed:face:b00c:0:8000', 1476799472, 0x5f5f63695f6c6173745f726567656e65726174657c693a313437363739393437323b),
('85303567b5c45e4cd3a6b8f03169d35516b09685', '109.80.207.108', 1476799616, 0x5f5f63695f6c6173745f726567656e65726174657c693a313437363739393437393b),
('e6359f36b3c009a3bb13021ad68a22d64800a21c', '80.251.248.32', 1476799854, 0x5f5f63695f6c6173745f726567656e65726174657c693a313437363739393835343b),
('6b3ff55025011b6dc3a6c002b3619e4c6e8d37c3', '80.251.248.32', 1476821310, 0x5f5f63695f6c6173745f726567656e65726174657c693a313437363832313330323b),
('6879b8b6c31ba643e292f250e38e5ee23b35e3b2', '80.251.248.32', 1476828287, 0x5f5f63695f6c6173745f726567656e65726174657c693a313437363832383238373b),
('31e8212a4f0a337b684968c4665fbd0a7abbc081', '212.111.4.142', 1476870573, 0x5f5f63695f6c6173745f726567656e65726174657c693a313437363837303530373b),
('9acf482f789f919c1a80ca6501f04acfb8d2749d', '2a00:1028:83da:233e:5506:ce98:9156:c19e', 1477173482, 0x5f5f63695f6c6173745f726567656e65726174657c693a313437373137333435333b6964656e746974797c733a363a227a6472683133223b757365726e616d657c733a363a227a6472683133223b656d61696c7c733a32333a22687264696e612e7a64656e656b40676d61696c2e636f6d223b757365725f69647c733a313a2233223b6f6c645f6c6173745f6c6f67696e7c733a31303a2231343736313639303237223b),
('babc2a48ed41b4e1cfa944a60f1c905e52d63a69', '2a00:1028:83da:233e:5506:ce98:9156:c19e', 1477232889, 0x5f5f63695f6c6173745f726567656e65726174657c693a313437373233323735313b6964656e746974797c733a363a227a6472683133223b757365726e616d657c733a363a227a6472683133223b656d61696c7c733a32333a22687264696e612e7a64656e656b40676d61696c2e636f6d223b757365725f69647c733a313a2233223b6f6c645f6c6173745f6c6f67696e7c733a31303a2231343737313733343831223b),
('46be1af9faf37f8943a78ca94d232a0ebe11e7f6', '2a00:1028:83da:233e:5506:ce98:9156:c19e', 1477234486, 0x5f5f63695f6c6173745f726567656e65726174657c693a313437373233343339373b6964656e746974797c733a363a227a6472683133223b757365726e616d657c733a363a227a6472683133223b656d61696c7c733a32333a22687264696e612e7a64656e656b40676d61696c2e636f6d223b757365725f69647c733a313a2233223b6f6c645f6c6173745f6c6f67696e7c733a31303a2231343737323332373538223b),
('e288d413d3af1db56768e00a5a9adb2aa290480e', '212.111.4.142', 1477378221, 0x5f5f63695f6c6173745f726567656e65726174657c693a313437373337383232313b),
('b20fbc277cd597939bc66515423383b64e270eb0', '212.111.4.142', 1477914127, 0x5f5f63695f6c6173745f726567656e65726174657c693a313437373931343039373b6964656e746974797c733a363a227a6472683133223b757365726e616d657c733a363a227a6472683133223b656d61696c7c733a32333a22687264696e612e7a64656e656b40676d61696c2e636f6d223b757365725f69647c733a313a2233223b6f6c645f6c6173745f6c6f67696e7c733a31303a2231343737323334343037223b),
('daa1e9b2d0da57486c35fe8bdfc27fa478cbba40', '80.251.248.32', 1477950335, 0x5f5f63695f6c6173745f726567656e65726174657c693a313437373935303333353b);
INSERT INTO `ci_sessions` (`id`, `ip_address`, `timestamp`, `data`) VALUES
('65e8e193c364ed1008b285e9a48a72a22e3f540c', '80.251.248.32', 1477950402, 0x5f5f63695f6c6173745f726567656e65726174657c693a313437373935303333373b),
('6c6425aaa107eb45ab80636376db9fb54d14171c', '212.111.4.142', 1477986427, 0x5f5f63695f6c6173745f726567656e65726174657c693a313437373938363432373b),
('027cfc6fbe1fc0a6aee7e88d14ac58ff7453c580', '212.111.4.142', 1477986441, 0x5f5f63695f6c6173745f726567656e65726174657c693a313437373938363434313b),
('3feea352fb3fe4b8726499a3356002f6ada0ec17', '212.111.4.142', 1478596405, 0x5f5f63695f6c6173745f726567656e65726174657c693a313437383539363430353b),
('3f0ad1c176d710540b0e0af095290ed008e84acc', '91.227.68.249', 1478793057, 0x5f5f63695f6c6173745f726567656e65726174657c693a313437383739333035373b),
('d1e3bf4a54453bc5dc9dfc9d069a62b04c35cfeb', '212.111.4.142', 1480405465, 0x5f5f63695f6c6173745f726567656e65726174657c693a313438303430353436353b),
('d5d0057fd71e3558b1f60467b131175e4cc3b0a8', '212.111.4.142', 1481111406, 0x5f5f63695f6c6173745f726567656e65726174657c693a313438313131313334323b),
('23885e017e76acd217cf8f8c719322f1edd22ae2', '77.81.94.73', 1481678779, 0x5f5f63695f6c6173745f726567656e65726174657c693a313438313637383737393b),
('73e6cfbac5feb9a4f94498060c2fe324acab97ec', '212.111.31.114', 1482075836, 0x5f5f63695f6c6173745f726567656e65726174657c693a313438323037353832363b),
('3004d07630d53f4e2b57b6f0fa3739b138f814ef', '212.111.31.114', 1482075834, 0x5f5f63695f6c6173745f726567656e65726174657c693a313438323037353833343b),
('3d87ba1c82d6d4d3dad3d7ce940c5bba421b3606', '66.249.93.195', 1482156209, 0x5f5f63695f6c6173745f726567656e65726174657c693a313438323135363230393b),
('37d69042e9bf6dd912dfd6a8ed399018add684c8', '212.111.31.114', 1482250327, 0x5f5f63695f6c6173745f726567656e65726174657c693a313438323235303332373b),
('1900922711ce0e7a879665d173bf119bbcf2b581', '212.111.31.114', 1482250342, 0x5f5f63695f6c6173745f726567656e65726174657c693a313438323235303333303b),
('9d3f491d1d2ee207f969669cfc3a08820905d504', '212.111.4.142', 1487750745, 0x5f5f63695f6c6173745f726567656e65726174657c693a313438373735303734353b),
('924aa3f722a10bb8f74ada717bc4f619190d2d8f', '212.111.4.142', 1487750759, 0x5f5f63695f6c6173745f726567656e65726174657c693a313438373735303734383b),
('846bd5ae150e052c180ddf5d2815292411ade4c5', '2.134.103.124', 1488032095, 0x5f5f63695f6c6173745f726567656e65726174657c693a313438383033323039353b),
('58e2a5bcbfb10104ff61f9264c3ffe95a0110c21', '178.90.250.147', 1488032624, 0x5f5f63695f6c6173745f726567656e65726174657c693a313438383033323632343b),
('fa77545d87394403e54d9c81ce7f4f561d1ebd0f', '5.141.229.114', 1488033084, 0x5f5f63695f6c6173745f726567656e65726174657c693a313438383033333038343b),
('bbb6bbfdbe07fcb8918015e82a5ef6d863ac48c7', '80.237.123.27', 1488033484, 0x5f5f63695f6c6173745f726567656e65726174657c693a313438383033333438343b),
('0376b83e1ce7279f69ce40ff8a9eea72035e01ea', '80.251.241.177', 1490640031, 0x5f5f63695f6c6173745f726567656e65726174657c693a313439303634303033313b),
('1aac048e6ac23028e550edd148a624caac1e5958', '80.251.241.177', 1490640043, 0x5f5f63695f6c6173745f726567656e65726174657c693a313439303634303033343b),
('8894b0b309586859d558b1b4d4dfbdb2390e05dd', '212.111.4.142', 1491200925, 0x5f5f63695f6c6173745f726567656e65726174657c693a313439313230303932353b),
('14b0a5ea6eff95a93f6779269995181143ac73d1', '212.111.4.142', 1491200952, 0x5f5f63695f6c6173745f726567656e65726174657c693a313439313230303932373b),
('0c2cfdd94e311380484df1e7aae272e33194a385', '2a03:2880:3020:1fe7:face:b00c:0:8000', 1493983875, 0x5f5f63695f6c6173745f726567656e65726174657c693a313439333938333837353b),
('30f21abf2ece2d2aaa93ebf4fec818a4cfae3ed3', '78.108.101.15', 1493983875, 0x5f5f63695f6c6173745f726567656e65726174657c693a313439333938333837353b),
('c79041b5069d125d3b7e4be9b74be56672c1c612', '2a03:2880:2020:bff0:face:b00c:0:8000', 1493983875, 0x5f5f63695f6c6173745f726567656e65726174657c693a313439333938333837353b),
('306edb919e7eb4be1cafab5a933541ee0eac2be6', '80.251.241.177', 1501795037, 0x5f5f63695f6c6173745f726567656e65726174657c693a313530313739353033353b),
('ea4ef54bdb6263403145d08406c1b2550d9a53e9', '62.210.152.119', 1503238392, 0x5f5f63695f6c6173745f726567656e65726174657c693a313530333233383339323b),
('6acd190f8974eadce79fdd839084d2a99284584d', '62.210.152.119', 1503238899, 0x5f5f63695f6c6173745f726567656e65726174657c693a313530333233383839393b),
('1c6634d00a35932df9511e23213812332fbf5e33', '158.69.156.85', 1505218114, 0x5f5f63695f6c6173745f726567656e65726174657c693a313530353231383131343b),
('5663ff99d43fc794d7ec719f6f9f13e8ea67e520', '158.69.156.85', 1505218372, 0x5f5f63695f6c6173745f726567656e65726174657c693a313530353231383337323b),
('9b79fc0a45d5463bf22596fb07db1fbb97b4dda2', '104.168.141.117', 1505468948, 0x5f5f63695f6c6173745f726567656e65726174657c693a313530353436383934383b),
('32c0710f24fd72dade0d220f40e69b85e2260b1f', '104.168.141.117', 1505469197, 0x5f5f63695f6c6173745f726567656e65726174657c693a313530353436393139373b),
('b66b17a1cd34fdffccf636079145ce79f0a5199b', '2a07:5741:0:fc3::1', 1507103574, 0x5f5f63695f6c6173745f726567656e65726174657c693a313530373130333537343b),
('f7b297620c0a718b5e603271c5a006d5df75c3da', '2a07:5741:0:fc3::1', 1507159037, 0x5f5f63695f6c6173745f726567656e65726174657c693a313530373135393033373b),
('d2d2e9bb0eed7062d8ebee76d9834cdb4dd766f2', '104.168.138.238', 1507334533, 0x5f5f63695f6c6173745f726567656e65726174657c693a313530373333343533333b),
('4829b4ab20a6dc8e53d67ca1a3a35ee3e58caadd', '91.227.68.132', 1508036416, 0x5f5f63695f6c6173745f726567656e65726174657c693a313530383033363431363b),
('9e143e3a0749304af8fee4aa643d58b3fea12e8f', '81.171.110.131', 1508359740, 0x5f5f63695f6c6173745f726567656e65726174657c693a313530383335393734303b),
('11ba37116b75e4a588a673d83bf7088120f9bf11', '81.171.110.132', 1508681912, 0x5f5f63695f6c6173745f726567656e65726174657c693a313530383638313931323b),
('34f86f537b3cb1b7d79f2dba19942d74eb91ab6b', '104.160.20.2', 1510026159, 0x5f5f63695f6c6173745f726567656e65726174657c693a313531303032363135383b),
('a1b1923bff6a070c1cbecd08be01b5fca347357d', '212.111.4.142', 1510833020, 0x5f5f63695f6c6173745f726567656e65726174657c693a313531303833333032303b),
('7c8cec0e5426d90fcf9f2e9a8a6983951f3d508c', '212.111.4.142', 1510833136, 0x5f5f63695f6c6173745f726567656e65726174657c693a313531303833333032333b),
('39bd224dd2894ac199829468a49742b1ca776ce7', '80.251.241.177', 1511629586, 0x5f5f63695f6c6173745f726567656e65726174657c693a313531313632393538363b),
('c5f5d228869db55b22abae000b449bd0207ae5b8', '80.251.241.177', 1511629815, 0x5f5f63695f6c6173745f726567656e65726174657c693a313531313632393538383b),
('1e05ec03abecd9b4449036d0f5e80bab5c95bbcf', '80.251.241.177', 1511629931, 0x5f5f63695f6c6173745f726567656e65726174657c693a313531313632393932313b),
('9679d64e9b92fa684efc41892002e2f6d10df30c', '2a00:1028:83da:233e:5506:ce98:9156:c19e', 1512955969, 0x5f5f63695f6c6173745f726567656e65726174657c693a313531323935353839343b),
('b8b44fd9d8a5d88996a058a60de86558c720b3e1', '2a00:1028:83da:233e:5506:ce98:9156:c19e', 1512956624, 0x5f5f63695f6c6173745f726567656e65726174657c693a313531323935363439373b6964656e746974797c733a363a227a6472683133223b757365726e616d657c733a363a227a6472683133223b656d61696c7c733a32333a22687264696e612e7a64656e656b40676d61696c2e636f6d223b757365725f69647c733a313a2239223b6f6c645f6c6173745f6c6f67696e7c4e3b),
('050ced2a68d853f3db7687e4cb690520361dd525', '2a00:1028:83da:233e:5506:ce98:9156:c19e', 1512957045, 0x5f5f63695f6c6173745f726567656e65726174657c693a313531323935373033353b),
('006a495dfd93ec62d94b4c49189f61d8d283fbad', '2a00:1028:83da:233e:5506:ce98:9156:c19e', 1512957428, 0x5f5f63695f6c6173745f726567656e65726174657c693a313531323935373432383b),
('05feeed583bd28a1bcb786794bbf62dd0669232f', '212.111.4.142', 1512981399, 0x5f5f63695f6c6173745f726567656e65726174657c693a313531323938313337313b),
('f2e485047ad5543d22b52dd9691bfcbd766f811d', '212.111.4.142', 1512981688, 0x5f5f63695f6c6173745f726567656e65726174657c693a313531323938313436393b6964656e746974797c733a363a226d6164657261223b757365726e616d657c733a363a226d6164657261223b656d61696c7c733a32303a226d61646572615f6d6172656b406f6175682e637a223b757365725f69647c733a323a223130223b6f6c645f6c6173745f6c6f67696e7c4e3b),
('ebc8034dfec911ef15dcca576cf7ed77ce85f28b', '212.111.4.142', 1512981618, 0x5f5f63695f6c6173745f726567656e65726174657c693a313531323938313539373b),
('441c8af7ac449d4c1ae7b1b614ca512739c7ea18', '212.111.4.142', 1512981809, 0x5f5f63695f6c6173745f726567656e65726174657c693a313531323938313638343b),
('57644fe92e8c5de3067ff72ee24a4e27a001c31d', '212.111.4.142', 1512982028, 0x5f5f63695f6c6173745f726567656e65726174657c693a313531323938313936383b),
('2943e48f9ac29063d8bd3986dffb1dbf3e0ea9a8', '212.111.4.142', 1512982061, 0x5f5f63695f6c6173745f726567656e65726174657c693a313531323938323034353b),
('af78f0730891b188a6557a111aeaffba4d78fbf7', '212.111.4.142', 1512982870, 0x5f5f63695f6c6173745f726567656e65726174657c693a313531323938323837303b),
('26a6af6724ef4358609a89b20c17ea792a0202fd', '212.111.4.142', 1512982871, 0x5f5f63695f6c6173745f726567656e65726174657c693a313531323938323837313b),
('c101653c6d3d020c96d39a05c2987d8011d2bce7', '212.111.4.142', 1512982881, 0x5f5f63695f6c6173745f726567656e65726174657c693a313531323938323838313b),
('deaff369001acc3caf3ac7aa360b8f24ae92e6db', '212.111.4.142', 1512985019, 0x5f5f63695f6c6173745f726567656e65726174657c693a313531323938353030313b),
('ff1e7ade75d2e2508ae3bf915cf22a0a561ff4df', '212.111.4.142', 1513068092, 0x5f5f63695f6c6173745f726567656e65726174657c693a313531333036383038393b),
('498811523b268686263f13b1e5d92a768eacbce3', '212.111.4.142', 1513599651, 0x5f5f63695f6c6173745f726567656e65726174657c693a313531333539393635313b),
('88bb509a96542215e152928772ea63a40dfbb507', '212.111.4.142', 1515413954, 0x5f5f63695f6c6173745f726567656e65726174657c693a313531353431333835353b6964656e746974797c733a383a22687264696e613133223b757365726e616d657c733a383a22687264696e613133223b656d61696c7c733a32313a22687264696e612e7370616d40676d61696c2e636f6d223b757365725f69647c733a323a223131223b6f6c645f6c6173745f6c6f67696e7c4e3b),
('ac0aaf0ca5465e741151c3975f5db5fd9273debc', '191.96.249.120', 1515687687, 0x5f5f63695f6c6173745f726567656e65726174657c693a313531353638373638373b),
('e51d10cb76b4f96d06e4ac31b1ad43ede7fcbca3', '91.227.68.132', 1515974976, 0x5f5f63695f6c6173745f726567656e65726174657c693a313531353937343937363b),
('7b8e883bb174eee91263bd0a6357d7d6a76e9904', '212.111.4.142', 1516015601, 0x5f5f63695f6c6173745f726567656e65726174657c693a313531363031353539383b),
('712aced6557af06c245eb32b4642039097e9be32', '212.111.4.142', 1516281307, 0x5f5f63695f6c6173745f726567656e65726174657c693a313531363238313237373b646174617c613a363a7b733a383a22757365726e616d65223b613a353a7b733a343a226e616d65223b733a383a22757365726e616d65223b733a353a2276616c7565223b733a303a22223b733a373a226d657373616765223b733a33383a22506f6c652075c5be69766174656c736bc3a9206a6dc3a96e6f206a6520706f76696e6ec3a92e223b733a31303a22737461747573466f726d223b733a393a226861732d6572726f72223b733a31303a2273746174757349636f6e223b733a383a2266612d74696d6573223b7d733a383a2270617373776f7264223b613a353a7b733a343a226e616d65223b733a383a2270617373776f7264223b733a353a2276616c7565223b733a303a22223b733a373a226d657373616765223b733a35363a22506f6c65206865736c6f207365206e65726f766ec3a120686f646e6f74c49b207620706f6c6920706f7476727a656ec3ad206865736c612e223b733a31303a22737461747573466f726d223b733a393a226861732d6572726f72223b733a31303a2273746174757349636f6e223b733a383a2266612d74696d6573223b7d733a343a226e616d65223b613a353a7b733a343a226e616d65223b733a343a226e616d65223b733a353a2276616c7565223b733a303a22223b733a373a226d657373616765223b733a32343a22506f6c65206a6dc3a96e6f206a6520706f76696e6ec3a92e223b733a31303a22737461747573466f726d223b733a393a226861732d6572726f72223b733a31303a2273746174757349636f6e223b733a383a2266612d74696d6573223b7d733a373a227375726e616d65223b613a353a7b733a343a226e616d65223b733a373a227375726e616d65223b733a353a2276616c7565223b733a303a22223b733a373a226d657373616765223b733a32393a22506f6c652070c599c3ad6a6d656ec3ad206a6520706f76696e6ec3a92e223b733a31303a22737461747573466f726d223b733a393a226861732d6572726f72223b733a31303a2273746174757349636f6e223b733a383a2266612d74696d6573223b7d733a353a22656d61696c223b613a353a7b733a343a226e616d65223b733a353a22656d61696c223b733a353a2276616c7565223b733a303a22223b733a373a226d657373616765223b733a32333a22506f6c6520656d61696c206a6520706f76696e6ec3a92e223b733a31303a22737461747573466f726d223b733a393a226861732d6572726f72223b733a31303a2273746174757349636f6e223b733a383a2266612d74696d6573223b7d733a373a22636f6e6669726d223b613a353a7b733a343a226e616d65223b733a373a22636f6e6669726d223b733a353a2276616c7565223b733a303a22223b733a373a226d657373616765223b733a35363a22506f6c6520706f7476727a656ec3ad206865736c61207365206e65726f766ec3a120686f646e6f74c49b207620706f6c69206865736c6f2e223b733a31303a22737461747573466f726d223b733a393a226861732d6572726f72223b733a31303a2273746174757349636f6e223b733a383a2266612d74696d6573223b7d7d5f5f63695f766172737c613a313a7b733a343a2264617461223b733a333a226f6c64223b7d),
('79f5cf042f8bd4a560d589d7d6da0a7750d80746', '2a00:1028:8d1c:ed7e:15e2:edb3:cc9d:e778', 1516459436, 0x5f5f63695f6c6173745f726567656e65726174657c693a313531363435393431343b),
('f71d504f1ab6ec609a3c8cc51a8330b66cb9428c', '2a00:1028:8d1c:ed7e:15e2:edb3:cc9d:e778', 1516460233, 0x5f5f63695f6c6173745f726567656e65726174657c693a313531363436303233333b),
('80b8e324828efecc65ff0c6d78f7e4b9ac577ee9', '2a00:1028:8d1c:ed7e:15e2:edb3:cc9d:e778', 1516460872, 0x5f5f63695f6c6173745f726567656e65726174657c693a313531363436303837323b),
('f716995dc01586b4c7b199a552885c3e43a096bb', '2a00:1028:8d1c:ed7e:15e2:edb3:cc9d:e778', 1516462010, 0x5f5f63695f6c6173745f726567656e65726174657c693a313531363436313732393b),
('8d5c18417cb7c27dd8539381eebe635e71f71fd3', '2a00:1028:8d1c:ed7e:15e2:edb3:cc9d:e778', 1516462378, 0x5f5f63695f6c6173745f726567656e65726174657c693a313531363436323133373b646174617c613a363a7b733a383a22757365726e616d65223b613a353a7b733a343a226e616d65223b733a383a22757365726e616d65223b733a353a2276616c7565223b733a303a22223b733a373a226d657373616765223b733a33383a22506f6c652075c5be69766174656c736bc3a9206a6dc3a96e6f206a6520706f76696e6ec3a92e223b733a31303a22737461747573466f726d223b733a393a226861732d6572726f72223b733a31303a2273746174757349636f6e223b733a383a2266612d74696d6573223b7d733a383a2270617373776f7264223b613a353a7b733a343a226e616d65223b733a383a2270617373776f7264223b733a353a2276616c7565223b733a303a22223b733a373a226d657373616765223b733a32333a22506f6c65206865736c6f206a6520706f76696e6ec3a92e223b733a31303a22737461747573466f726d223b733a393a226861732d6572726f72223b733a31303a2273746174757349636f6e223b733a383a2266612d74696d6573223b7d733a343a226e616d65223b613a353a7b733a343a226e616d65223b733a343a226e616d65223b733a353a2276616c7565223b733a303a22223b733a373a226d657373616765223b733a32343a22506f6c65206a6dc3a96e6f206a6520706f76696e6ec3a92e223b733a31303a22737461747573466f726d223b733a393a226861732d6572726f72223b733a31303a2273746174757349636f6e223b733a383a2266612d74696d6573223b7d733a373a227375726e616d65223b613a353a7b733a343a226e616d65223b733a373a227375726e616d65223b733a353a2276616c7565223b733a303a22223b733a373a226d657373616765223b733a32393a22506f6c652070c599c3ad6a6d656ec3ad206a6520706f76696e6ec3a92e223b733a31303a22737461747573466f726d223b733a393a226861732d6572726f72223b733a31303a2273746174757349636f6e223b733a383a2266612d74696d6573223b7d733a353a22656d61696c223b613a353a7b733a343a226e616d65223b733a353a22656d61696c223b733a353a2276616c7565223b733a303a22223b733a373a226d657373616765223b733a32333a22506f6c6520656d61696c206a6520706f76696e6ec3a92e223b733a31303a22737461747573466f726d223b733a393a226861732d6572726f72223b733a31303a2273746174757349636f6e223b733a383a2266612d74696d6573223b7d733a373a22636f6e6669726d223b613a353a7b733a343a226e616d65223b733a373a22636f6e6669726d223b733a353a2276616c7565223b733a303a22223b733a373a226d657373616765223b733a33343a22506f6c6520706f7476727a656ec3ad206865736c61206a6520706f76696e6ec3a92e223b733a31303a22737461747573466f726d223b733a393a226861732d6572726f72223b733a31303a2273746174757349636f6e223b733a383a2266612d74696d6573223b7d7d5f5f63695f766172737c613a313a7b733a343a2264617461223b733a333a226f6c64223b7d),
('52a768b5500bab43e0d0f59b30576188111c83cb', '2a00:1028:8d1c:ed7e:60ea:4051:58c4:cebe', 1517151169, 0x5f5f63695f6c6173745f726567656e65726174657c693a313531373135313136323b),
('2dc81cfadac3621d2ace348e6f0d72d4a7f26e77', '2a00:1028:8d1c:ed7e:c0bf:8eb4:82b0:8f85', 1517153167, 0x5f5f63695f6c6173745f726567656e65726174657c693a313531373135333136373b),
('4e1f30c1bc91aa7739b280954184bc979e453c74', '2a00:1028:8d1c:ed7e:c0bf:8eb4:82b0:8f85', 1517154177, 0x5f5f63695f6c6173745f726567656e65726174657c693a313531373135343137373b),
('bd1637927bebcbed10bd8e706e6d1659deb91e6c', '2a00:1028:8d1c:ed7e:c0bf:8eb4:82b0:8f85', 1517155110, 0x5f5f63695f6c6173745f726567656e65726174657c693a313531373135353131303b),
('666f22a7bb6498ebdf1dc23eb69e5cb0ebb4e100', '2a00:1028:8d1c:ed7e:c0bf:8eb4:82b0:8f85', 1517155427, 0x5f5f63695f6c6173745f726567656e65726174657c693a313531373135353432373b),
('3d78f1399109d652f319cbc13179ff0a0b6ec18c', '2a00:1028:8d1c:ed7e:c0bf:8eb4:82b0:8f85', 1517156416, 0x5f5f63695f6c6173745f726567656e65726174657c693a313531373135363431363b),
('ec3bd57e800777b2a0fa6978e4d80d2b8d9455a9', '2a00:1028:8d1c:ed7e:c0bf:8eb4:82b0:8f85', 1517156787, 0x5f5f63695f6c6173745f726567656e65726174657c693a313531373135363738373b),
('d4fdf7378c89697f521cf05d8128ce5ae21865bb', '2a00:1028:8d1c:ed7e:c0bf:8eb4:82b0:8f85', 1517158007, 0x5f5f63695f6c6173745f726567656e65726174657c693a313531373135383030373b),
('f18562ebbdd23111cc0e3ecf7f4356b15f874af0', '2a00:1028:8d1c:ed7e:c0bf:8eb4:82b0:8f85', 1517165868, 0x5f5f63695f6c6173745f726567656e65726174657c693a313531373136353632373b),
('223312fd620344f28d8e05d2fe3001920ff769ed', '2a00:1028:8d1c:ed7e:c0bf:8eb4:82b0:8f85', 1517176200, 0x5f5f63695f6c6173745f726567656e65726174657c693a313531373137363230303b646174617c613a363a7b733a383a22757365726e616d65223b613a353a7b733a343a226e616d65223b733a383a22757365726e616d65223b733a353a2276616c7565223b733a303a22223b733a373a226d657373616765223b733a33383a22506f6c652075c5be69766174656c736bc3a9206a6dc3a96e6f206a6520706f76696e6ec3a92e223b733a31303a22737461747573466f726d223b733a393a226861732d6572726f72223b733a31303a2273746174757349636f6e223b733a383a2266612d74696d6573223b7d733a383a2270617373776f7264223b613a353a7b733a343a226e616d65223b733a383a2270617373776f7264223b733a353a2276616c7565223b733a303a22223b733a373a226d657373616765223b733a32333a22506f6c65206865736c6f206a6520706f76696e6ec3a92e223b733a31303a22737461747573466f726d223b733a393a226861732d6572726f72223b733a31303a2273746174757349636f6e223b733a383a2266612d74696d6573223b7d733a343a226e616d65223b613a353a7b733a343a226e616d65223b733a343a226e616d65223b733a353a2276616c7565223b733a303a22223b733a373a226d657373616765223b733a32343a22506f6c65206a6dc3a96e6f206a6520706f76696e6ec3a92e223b733a31303a22737461747573466f726d223b733a393a226861732d6572726f72223b733a31303a2273746174757349636f6e223b733a383a2266612d74696d6573223b7d733a373a227375726e616d65223b613a353a7b733a343a226e616d65223b733a373a227375726e616d65223b733a353a2276616c7565223b733a303a22223b733a373a226d657373616765223b733a32393a22506f6c652070c599c3ad6a6d656ec3ad206a6520706f76696e6ec3a92e223b733a31303a22737461747573466f726d223b733a393a226861732d6572726f72223b733a31303a2273746174757349636f6e223b733a383a2266612d74696d6573223b7d733a353a22656d61696c223b613a353a7b733a343a226e616d65223b733a353a22656d61696c223b733a353a2276616c7565223b733a303a22223b733a373a226d657373616765223b733a32333a22506f6c6520656d61696c206a6520706f76696e6ec3a92e223b733a31303a22737461747573466f726d223b733a393a226861732d6572726f72223b733a31303a2273746174757349636f6e223b733a383a2266612d74696d6573223b7d733a373a22636f6e6669726d223b613a353a7b733a343a226e616d65223b733a373a22636f6e6669726d223b733a353a2276616c7565223b733a303a22223b733a373a226d657373616765223b733a33343a22506f6c6520706f7476727a656ec3ad206865736c61206a6520706f76696e6ec3a92e223b733a31303a22737461747573466f726d223b733a393a226861732d6572726f72223b733a31303a2273746174757349636f6e223b733a383a2266612d74696d6573223b7d7d5f5f63695f766172737c613a313a7b733a343a2264617461223b733a333a226f6c64223b7d),
('e189b03cb5b321a374c1136732966f5129162f29', '2a00:1028:8d1c:ed7e:c0bf:8eb4:82b0:8f85', 1517178613, 0x5f5f63695f6c6173745f726567656e65726174657c693a313531373137383631333b646174617c613a363a7b733a383a22757365726e616d65223b613a353a7b733a343a226e616d65223b733a383a22757365726e616d65223b733a353a2276616c7565223b733a303a22223b733a373a226d657373616765223b733a33383a22506f6c652075c5be69766174656c736bc3a9206a6dc3a96e6f206a6520706f76696e6ec3a92e223b733a31303a22737461747573466f726d223b733a393a226861732d6572726f72223b733a31303a2273746174757349636f6e223b733a383a2266612d74696d6573223b7d733a383a2270617373776f7264223b613a353a7b733a343a226e616d65223b733a383a2270617373776f7264223b733a353a2276616c7565223b733a303a22223b733a373a226d657373616765223b733a32333a22506f6c65206865736c6f206a6520706f76696e6ec3a92e223b733a31303a22737461747573466f726d223b733a393a226861732d6572726f72223b733a31303a2273746174757349636f6e223b733a383a2266612d74696d6573223b7d733a343a226e616d65223b613a353a7b733a343a226e616d65223b733a343a226e616d65223b733a353a2276616c7565223b733a303a22223b733a373a226d657373616765223b733a32343a22506f6c65206a6dc3a96e6f206a6520706f76696e6ec3a92e223b733a31303a22737461747573466f726d223b733a393a226861732d6572726f72223b733a31303a2273746174757349636f6e223b733a383a2266612d74696d6573223b7d733a373a227375726e616d65223b613a353a7b733a343a226e616d65223b733a373a227375726e616d65223b733a353a2276616c7565223b733a303a22223b733a373a226d657373616765223b733a32393a22506f6c652070c599c3ad6a6d656ec3ad206a6520706f76696e6ec3a92e223b733a31303a22737461747573466f726d223b733a393a226861732d6572726f72223b733a31303a2273746174757349636f6e223b733a383a2266612d74696d6573223b7d733a353a22656d61696c223b613a353a7b733a343a226e616d65223b733a353a22656d61696c223b733a353a2276616c7565223b733a303a22223b733a373a226d657373616765223b733a32333a22506f6c6520656d61696c206a6520706f76696e6ec3a92e223b733a31303a22737461747573466f726d223b733a393a226861732d6572726f72223b733a31303a2273746174757349636f6e223b733a383a2266612d74696d6573223b7d733a373a22636f6e6669726d223b613a353a7b733a343a226e616d65223b733a373a22636f6e6669726d223b733a353a2276616c7565223b733a303a22223b733a373a226d657373616765223b733a33343a22506f6c6520706f7476727a656ec3ad206865736c61206a6520706f76696e6ec3a92e223b733a31303a22737461747573466f726d223b733a393a226861732d6572726f72223b733a31303a2273746174757349636f6e223b733a383a2266612d74696d6573223b7d7d5f5f63695f766172737c613a313a7b733a343a2264617461223b733a333a226e6577223b7d),
('079650b6adbff976941eda055ec442d19926f7b0', '2a00:1028:8d1c:ed7e:c0bf:8eb4:82b0:8f85', 1517178613, 0x5f5f63695f6c6173745f726567656e65726174657c693a313531373137383631333b646174617c613a363a7b733a383a22757365726e616d65223b613a353a7b733a343a226e616d65223b733a383a22757365726e616d65223b733a353a2276616c7565223b733a303a22223b733a373a226d657373616765223b733a33383a22506f6c652075c5be69766174656c736bc3a9206a6dc3a96e6f206a6520706f76696e6ec3a92e223b733a31303a22737461747573466f726d223b733a393a226861732d6572726f72223b733a31303a2273746174757349636f6e223b733a383a2266612d74696d6573223b7d733a383a2270617373776f7264223b613a353a7b733a343a226e616d65223b733a383a2270617373776f7264223b733a353a2276616c7565223b733a303a22223b733a373a226d657373616765223b733a32333a22506f6c65206865736c6f206a6520706f76696e6ec3a92e223b733a31303a22737461747573466f726d223b733a393a226861732d6572726f72223b733a31303a2273746174757349636f6e223b733a383a2266612d74696d6573223b7d733a343a226e616d65223b613a353a7b733a343a226e616d65223b733a343a226e616d65223b733a353a2276616c7565223b733a303a22223b733a373a226d657373616765223b733a32343a22506f6c65206a6dc3a96e6f206a6520706f76696e6ec3a92e223b733a31303a22737461747573466f726d223b733a393a226861732d6572726f72223b733a31303a2273746174757349636f6e223b733a383a2266612d74696d6573223b7d733a373a227375726e616d65223b613a353a7b733a343a226e616d65223b733a373a227375726e616d65223b733a353a2276616c7565223b733a303a22223b733a373a226d657373616765223b733a32393a22506f6c652070c599c3ad6a6d656ec3ad206a6520706f76696e6ec3a92e223b733a31303a22737461747573466f726d223b733a393a226861732d6572726f72223b733a31303a2273746174757349636f6e223b733a383a2266612d74696d6573223b7d733a353a22656d61696c223b613a353a7b733a343a226e616d65223b733a353a22656d61696c223b733a353a2276616c7565223b733a303a22223b733a373a226d657373616765223b733a32333a22506f6c6520656d61696c206a6520706f76696e6ec3a92e223b733a31303a22737461747573466f726d223b733a393a226861732d6572726f72223b733a31303a2273746174757349636f6e223b733a383a2266612d74696d6573223b7d733a373a22636f6e6669726d223b613a353a7b733a343a226e616d65223b733a373a22636f6e6669726d223b733a353a2276616c7565223b733a303a22223b733a373a226d657373616765223b733a33343a22506f6c6520706f7476727a656ec3ad206865736c61206a6520706f76696e6ec3a92e223b733a31303a22737461747573466f726d223b733a393a226861732d6572726f72223b733a31303a2273746174757349636f6e223b733a383a2266612d74696d6573223b7d7d5f5f63695f766172737c613a313a7b733a343a2264617461223b733a333a226e6577223b7d),
('348f10cdcc1754dc7756b82f8ea20d7a06adfcca', '2a00:1028:8d1c:ed7e:c0bf:8eb4:82b0:8f85', 1517178625, 0x5f5f63695f6c6173745f726567656e65726174657c693a313531373137383631333b),
('7ef85e70758171b26e6bd07d006b0b98bfa471a2', '212.111.4.142', 1517219824, 0x5f5f63695f6c6173745f726567656e65726174657c693a313531373231393532393b),
('1a707733326059b6d314e525ee36d3a5571fd424', '212.111.4.142', 1517220101, 0x5f5f63695f6c6173745f726567656e65726174657c693a313531373231393930373b),
('2520a5656ed46ddcabc167f55b13ed8ea26641e3', '212.111.4.142', 1517220844, 0x5f5f63695f6c6173745f726567656e65726174657c693a313531373232303635363b),
('00c322261c2d01864a1770a0ea46b1cb70f6b505', '212.111.4.142', 1517221027, 0x5f5f63695f6c6173745f726567656e65726174657c693a313531373232313032373b),
('ec3ae79536f21d4a9ddf836727df4ab89f4af647', '85.71.59.95', 1518362617, 0x5f5f63695f6c6173745f726567656e65726174657c693a313531383336323631323b),
('cf58fde7c0b990277aeb78ffeed5b8b8cefe6233', '85.71.59.95', 1518363419, 0x5f5f63695f6c6173745f726567656e65726174657c693a313531383336333238363b),
('6c11acffa078d6951ed8c8266b56f931dd2c708f', '85.71.59.95', 1518364719, 0x5f5f63695f6c6173745f726567656e65726174657c693a313531383336343731353b),
('0a80bdb4b94a5acd3042b8d2266663d683bf9361', '85.71.59.95', 1518365779, 0x5f5f63695f6c6173745f726567656e65726174657c693a313531383336353736363b6d6573736167657c733a34333a224e65737072c3a1766ec3a92075c5be69766174656c736bc3a9206a6dc3a96e6f206e65626f206865736c6f223b5f5f63695f766172737c613a313a7b733a373a226d657373616765223b733a333a226f6c64223b7d),
('14386355e367c5588cbac4dfc662ded8818a11e6', '85.71.59.95', 1518369243, 0x5f5f63695f6c6173745f726567656e65726174657c693a313531383336393234333b),
('ed47c0519c4717b1bbabf636a004d8d38f4c3772', '85.71.59.95', 1518377480, 0x5f5f63695f6c6173745f726567656e65726174657c693a313531383337373438303b),
('1157250e7060c01ee26a80c748bd0fe664cb30d0', '212.111.4.142', 1518430414, 0x5f5f63695f6c6173745f726567656e65726174657c693a313531383433303332363b),
('a5de21eeae00bac4624d164456b5e7036d84bb7a', '85.25.49.228', 1518490784, 0x5f5f63695f6c6173745f726567656e65726174657c693a313531383439303738343b),
('fe7ec0f96d75fbbdfe75a6f5ba4dd77f293b2f65', '61.216.28.103', 1518592611, 0x5f5f63695f6c6173745f726567656e65726174657c693a313531383539323631313b),
('2a3e676d6c0c7325268e0025da5bd6c6f6abf46b', '82.138.95.202', 1518592783, 0x5f5f63695f6c6173745f726567656e65726174657c693a313531383539323738333b),
('f210fc410ed916be94ff551f2ff115d707e56b46', '85.71.59.95', 1519149965, 0x5f5f63695f6c6173745f726567656e65726174657c693a313531393134393936323b),
('0ef7046023f567ea26fc14cdd54e662d301fc83c', '2a02:598:2::1037', 1520706597, 0x5f5f63695f6c6173745f726567656e65726174657c693a313532303730363539373b),
('b6758818c4102b176271903bd172a2712aa66e7b', '2a00:1028:8d1c:ed7e:39cd:4290:757:73ac', 1521582419, 0x5f5f63695f6c6173745f726567656e65726174657c693a313532313538323431393b),
('f1283a5e6ae6f9a6e6725be973a3bbe553d0419a', '2a00:1028:8d1c:ed7e:39cd:4290:757:73ac', 1521582807, 0x5f5f63695f6c6173745f726567656e65726174657c693a313532313538323737383b6964656e746974797c733a353a2242616a6b6f223b757365726e616d657c733a353a2242616a6b6f223b656d61696c7c733a31313a22424073657a6e616d2e637a223b757365725f69647c733a323a223133223b6f6c645f6c6173745f6c6f67696e7c733a31303a2231353231353832343132223b),
('717eea5684db7c3bc73944536b8738e47f7f8174', '2a00:1028:8d1c:ed7e:39cd:4290:757:73ac', 1521583746, 0x5f5f63695f6c6173745f726567656e65726174657c693a313532313538333731383b6964656e746974797c733a353a2242616a6b6f223b757365726e616d657c733a353a2242616a6b6f223b656d61696c7c733a31313a22424073657a6e616d2e637a223b757365725f69647c733a323a223133223b6f6c645f6c6173745f6c6f67696e7c733a31303a2231353231353832373834223b),
('2e63bae01d91c8f1fe412ba833f805a10874a9b8', '2a00:1028:8d1c:ed7e:39cd:4290:757:73ac', 1521584435, 0x5f5f63695f6c6173745f726567656e65726174657c693a313532313538343431353b6964656e746974797c733a353a2242616a6b6f223b757365726e616d657c733a353a2242616a6b6f223b656d61696c7c733a31313a22424073657a6e616d2e637a223b757365725f69647c733a323a223133223b6f6c645f6c6173745f6c6f67696e7c733a31303a2231353231353834343033223b),
('7355ec3d328ab8763e5ea96c42e582852902a113', '2a00:1028:8d1c:ed7e:39cd:4290:757:73ac', 1521585537, 0x5f5f63695f6c6173745f726567656e65726174657c693a313532313538353533333b),
('aeb4e7845aa03d2b03a33dca74e27a13f5f1a782', '2a00:1028:8d1c:ed7e:39cd:4290:757:73ac', 1521586125, 0x5f5f63695f6c6173745f726567656e65726174657c693a313532313538363132343b),
('4c9f18c007820fff4a4f62619f3d1034ad46ed54', '81.30.80.127', 1521855608, 0x5f5f63695f6c6173745f726567656e65726174657c693a313532313835353630383b),
('55ef1694b000741bceebebcea0f7c5688cdfe558', '103.68.69.12', 1521943512, 0x5f5f63695f6c6173745f726567656e65726174657c693a313532313934333531323b),
('f2dcefc6bfe7df05752d4d92ae44af247743fdc8', '2a00:1028:96c1:f67a:913b:eee9:67da:8233', 1522014575, 0x5f5f63695f6c6173745f726567656e65726174657c693a313532323031343536363b),
('504864b3af0eb954a20485df6aa024aa2901fc8a', '2a00:1028:96c1:f67a:d813:9e5c:94f4:b07b', 1522102590, 0x5f5f63695f6c6173745f726567656e65726174657c693a313532323130323539303b),
('7ea60453df4d7f26e1a66f48e6429cc816c8678b', '148.72.11.36', 1529590416, 0x5f5f63695f6c6173745f726567656e65726174657c693a313532393539303431363b),
('f8bb25a6a97bc208d1d1abd84f0f585afcaa0ba6', '94.250.254.92', 1530274761, 0x5f5f63695f6c6173745f726567656e65726174657c693a313533303237343736313b),
('fe7323bdfcf3717b257a5a717ddc4c2d9ce32469', '185.250.206.56', 1533992174, 0x5f5f63695f6c6173745f726567656e65726174657c693a313533333939323137343b),
('e9346ae3dd0e082aad8c37672b57b5afe3c9b837', '36.66.242.91', 1537165114, 0x5f5f63695f6c6173745f726567656e65726174657c693a313533373136353131343b),
('742386a4eeda83d5b7330b5169718bb1993a9bf3', '212.111.4.142', 1538981118, 0x5f5f63695f6c6173745f726567656e65726174657c693a313533383938313131383b),
('288d0933503ac69a6107a375aea171f2aec7791f', '212.111.4.142', 1538981133, 0x5f5f63695f6c6173745f726567656e65726174657c693a313533383938313132343b),
('8059a539f6b6cb36d3a05c9584655a481f3c1f24', '212.111.4.142', 1538982011, 0x5f5f63695f6c6173745f726567656e65726174657c693a313533383938313939373b646174617c613a363a7b733a383a22757365726e616d65223b613a353a7b733a343a226e616d65223b733a383a22757365726e616d65223b733a353a2276616c7565223b733a303a22223b733a373a226d657373616765223b733a33383a22506f6c652075c5be69766174656c736bc3a9206a6dc3a96e6f206a6520706f76696e6ec3a92e223b733a31303a22737461747573466f726d223b733a393a226861732d6572726f72223b733a31303a2273746174757349636f6e223b733a383a2266612d74696d6573223b7d733a383a2270617373776f7264223b613a353a7b733a343a226e616d65223b733a383a2270617373776f7264223b733a353a2276616c7565223b733a303a22223b733a373a226d657373616765223b733a32333a22506f6c65206865736c6f206a6520706f76696e6ec3a92e223b733a31303a22737461747573466f726d223b733a393a226861732d6572726f72223b733a31303a2273746174757349636f6e223b733a383a2266612d74696d6573223b7d733a343a226e616d65223b613a353a7b733a343a226e616d65223b733a343a226e616d65223b733a353a2276616c7565223b733a303a22223b733a373a226d657373616765223b733a32343a22506f6c65206a6dc3a96e6f206a6520706f76696e6ec3a92e223b733a31303a22737461747573466f726d223b733a393a226861732d6572726f72223b733a31303a2273746174757349636f6e223b733a383a2266612d74696d6573223b7d733a373a227375726e616d65223b613a353a7b733a343a226e616d65223b733a373a227375726e616d65223b733a353a2276616c7565223b733a303a22223b733a373a226d657373616765223b733a32393a22506f6c652070c599c3ad6a6d656ec3ad206a6520706f76696e6ec3a92e223b733a31303a22737461747573466f726d223b733a393a226861732d6572726f72223b733a31303a2273746174757349636f6e223b733a383a2266612d74696d6573223b7d733a353a22656d61696c223b613a353a7b733a343a226e616d65223b733a353a22656d61696c223b733a353a2276616c7565223b733a383a226376626376627663223b733a373a226d657373616765223b733a35333a22506f6c6520656d61696c206d7573c3ad206f627361686f7661742076616c69646ec3ad20656d61696c6f766f75206164726573752e223b733a31303a22737461747573466f726d223b733a393a226861732d6572726f72223b733a31303a2273746174757349636f6e223b733a383a2266612d74696d6573223b7d733a373a22636f6e6669726d223b613a353a7b733a343a226e616d65223b733a373a22636f6e6669726d223b733a353a2276616c7565223b733a303a22223b733a373a226d657373616765223b733a33343a22506f6c6520706f7476727a656ec3ad206865736c61206a6520706f76696e6ec3a92e223b733a31303a22737461747573466f726d223b733a393a226861732d6572726f72223b733a31303a2273746174757349636f6e223b733a383a2266612d74696d6573223b7d7d5f5f63695f766172737c613a313a7b733a343a2264617461223b733a333a226f6c64223b7d),
('db7975fccea011ae20578b54eba7577ba15c19b2', '212.111.4.142', 1539077000, 0x5f5f63695f6c6173745f726567656e65726174657c693a313533393037373030303b),
('e5c17ec85a5edbaaa85df4e58195cd7750e735ac', '212.111.4.142', 1539077003, 0x5f5f63695f6c6173745f726567656e65726174657c693a313533393037373030333b),
('c9ac0418caf0e8960a2b95d1915a71bcb319ec86', '212.111.4.142', 1540286711, 0x5f5f63695f6c6173745f726567656e65726174657c693a313534303238363731313b),
('ddf1b6a3c81468a98961c950308a6cfea4e57b24', '212.111.4.142', 1540287005, 0x5f5f63695f6c6173745f726567656e65726174657c693a313534303238363731333b646174617c613a363a7b733a383a22757365726e616d65223b613a353a7b733a343a226e616d65223b733a383a22757365726e616d65223b733a353a2276616c7565223b733a303a22223b733a373a226d657373616765223b733a33383a22506f6c652075c5be69766174656c736bc3a9206a6dc3a96e6f206a6520706f76696e6ec3a92e223b733a31303a22737461747573466f726d223b733a393a226861732d6572726f72223b733a31303a2273746174757349636f6e223b733a383a2266612d74696d6573223b7d733a383a2270617373776f7264223b613a353a7b733a343a226e616d65223b733a383a2270617373776f7264223b733a353a2276616c7565223b733a303a22223b733a373a226d657373616765223b733a32333a22506f6c65206865736c6f206a6520706f76696e6ec3a92e223b733a31303a22737461747573466f726d223b733a393a226861732d6572726f72223b733a31303a2273746174757349636f6e223b733a383a2266612d74696d6573223b7d733a343a226e616d65223b613a353a7b733a343a226e616d65223b733a343a226e616d65223b733a353a2276616c7565223b733a373a2264666762646667223b733a373a226d657373616765223b733a303a22223b733a31303a22737461747573466f726d223b733a31313a226861732d73756363657373223b733a31303a2273746174757349636f6e223b733a383a2266612d636865636b223b7d733a373a227375726e616d65223b613a353a7b733a343a226e616d65223b733a373a227375726e616d65223b733a353a2276616c7565223b733a373a2266646766647367223b733a373a226d657373616765223b733a303a22223b733a31303a22737461747573466f726d223b733a31313a226861732d73756363657373223b733a31303a2273746174757349636f6e223b733a383a2266612d636865636b223b7d733a353a22656d61696c223b613a353a7b733a343a226e616d65223b733a353a22656d61696c223b733a353a2276616c7565223b733a303a22223b733a373a226d657373616765223b733a32333a22506f6c6520656d61696c206a6520706f76696e6ec3a92e223b733a31303a22737461747573466f726d223b733a393a226861732d6572726f72223b733a31303a2273746174757349636f6e223b733a383a2266612d74696d6573223b7d733a373a22636f6e6669726d223b613a353a7b733a343a226e616d65223b733a373a22636f6e6669726d223b733a353a2276616c7565223b733a303a22223b733a373a226d657373616765223b733a33343a22506f6c6520706f7476727a656ec3ad206865736c61206a6520706f76696e6ec3a92e223b733a31303a22737461747573466f726d223b733a393a226861732d6572726f72223b733a31303a2273746174757349636f6e223b733a383a2266612d74696d6573223b7d7d5f5f63695f766172737c613a313a7b733a343a2264617461223b733a333a226f6c64223b7d),
('71afa086de5378d93506bd6b5ca7feafb4a2a104', '212.111.4.142', 1540286790, 0x5f5f63695f6c6173745f726567656e65726174657c693a313534303238363739303b),
('2d4bcaf3a744751fa2a4c10f04a449e124cc6163', '212.111.4.142', 1540286882, 0x5f5f63695f6c6173745f726567656e65726174657c693a313534303238363739333b6d6573736167657c733a34333a224e65737072c3a1766ec3a92075c5be69766174656c736bc3a9206a6dc3a96e6f206e65626f206865736c6f223b5f5f63695f766172737c613a313a7b733a373a226d657373616765223b733a333a226f6c64223b7d),
('bf9e877dd632c7064023cf0707d9dcdeedc73f96', '78.24.220.1', 1540946107, 0x5f5f63695f6c6173745f726567656e65726174657c693a313534303934363130373b),
('0ee569bf001787ba95818e6629ecac36c5295f3a', '212.111.4.142', 1540981028, 0x5f5f63695f6c6173745f726567656e65726174657c693a313534303938313032383b),
('9a1db361ee9df09ad54f37993bdb2440db454431', '212.111.4.142', 1540981084, 0x5f5f63695f6c6173745f726567656e65726174657c693a313534303938313033313b),
('21255892e6c9fa7cde712986422b2bf0266fd6e7', '212.111.4.142', 1540981112, 0x5f5f63695f6c6173745f726567656e65726174657c693a313534303938313130373b),
('a005f168ca266d36252572b319a5ac1af0c2169a', '212.111.4.142', 1540981656, 0x5f5f63695f6c6173745f726567656e65726174657c693a313534303938313439303b),
('796b11b69efd13c94eeb0a1ccecda74d8c418264', '212.111.4.142', 1540981523, 0x5f5f63695f6c6173745f726567656e65726174657c693a313534303938313531393b),
('ed74521c9496961332cb9cbdcb10abc72c98a74c', '212.111.4.142', 1540981579, 0x5f5f63695f6c6173745f726567656e65726174657c693a313534303938313537393b),
('97c540448fbcfcbb95298420193d2d0f67713cec', '212.111.4.142', 1540981691, 0x5f5f63695f6c6173745f726567656e65726174657c693a313534303938313538383b),
('8b9db2c45898f5d57148b9a088885de4be6cebd9', '212.111.4.142', 1540986257, 0x5f5f63695f6c6173745f726567656e65726174657c693a313534303938363234323b646174617c613a363a7b733a383a22757365726e616d65223b613a353a7b733a343a226e616d65223b733a383a22757365726e616d65223b733a353a2276616c7565223b733a303a22223b733a373a226d657373616765223b733a33383a22506f6c652075c5be69766174656c736bc3a9206a6dc3a96e6f206a6520706f76696e6ec3a92e223b733a31303a22737461747573466f726d223b733a393a226861732d6572726f72223b733a31303a2273746174757349636f6e223b733a383a2266612d74696d6573223b7d733a383a2270617373776f7264223b613a353a7b733a343a226e616d65223b733a383a2270617373776f7264223b733a353a2276616c7565223b733a303a22223b733a373a226d657373616765223b733a32333a22506f6c65206865736c6f206a6520706f76696e6ec3a92e223b733a31303a22737461747573466f726d223b733a393a226861732d6572726f72223b733a31303a2273746174757349636f6e223b733a383a2266612d74696d6573223b7d733a343a226e616d65223b613a353a7b733a343a226e616d65223b733a343a226e616d65223b733a353a2276616c7565223b733a353a226667686667223b733a373a226d657373616765223b733a303a22223b733a31303a22737461747573466f726d223b733a31313a226861732d73756363657373223b733a31303a2273746174757349636f6e223b733a383a2266612d636865636b223b7d733a373a227375726e616d65223b613a353a7b733a343a226e616d65223b733a373a227375726e616d65223b733a353a2276616c7565223b733a353a226766686667223b733a373a226d657373616765223b733a303a22223b733a31303a22737461747573466f726d223b733a31313a226861732d73756363657373223b733a31303a2273746174757349636f6e223b733a383a2266612d636865636b223b7d733a353a22656d61696c223b613a353a7b733a343a226e616d65223b733a353a22656d61696c223b733a353a2276616c7565223b733a303a22223b733a373a226d657373616765223b733a32333a22506f6c6520656d61696c206a6520706f76696e6ec3a92e223b733a31303a22737461747573466f726d223b733a393a226861732d6572726f72223b733a31303a2273746174757349636f6e223b733a383a2266612d74696d6573223b7d733a373a22636f6e6669726d223b613a353a7b733a343a226e616d65223b733a373a22636f6e6669726d223b733a353a2276616c7565223b733a303a22223b733a373a226d657373616765223b733a33343a22506f6c6520706f7476727a656ec3ad206865736c61206a6520706f76696e6ec3a92e223b733a31303a22737461747573466f726d223b733a393a226861732d6572726f72223b733a31303a2273746174757349636f6e223b733a383a2266612d74696d6573223b7d7d5f5f63695f766172737c613a313a7b733a343a2264617461223b733a333a226f6c64223b7d),
('bb52128ee3d0f332e9a1fd43ff7bf02990028c12', '212.111.4.142', 1541581457, 0x5f5f63695f6c6173745f726567656e65726174657c693a313534313538313435333b),
('e50b205c69544110e8a230826830860650284e45', '212.111.4.142', 1541581724, 0x5f5f63695f6c6173745f726567656e65726174657c693a313534313538313435393b),
('b8ad8a51998907a1a044a22dda8b368e75858c3f', '212.111.4.142', 1541581723, 0x5f5f63695f6c6173745f726567656e65726174657c693a313534313538313531373b),
('e2320a1dcdd45afb524690c82068f71b905f5eed', '212.111.4.142', 1541582120, 0x5f5f63695f6c6173745f726567656e65726174657c693a313534313538323038303b),
('8c888ea940ba3f721ec20aa046e16e5bfee8bc1d', '212.111.4.142', 1541582113, 0x5f5f63695f6c6173745f726567656e65726174657c693a313534313538323131303b),
('5bd5e39ef6bb6c02a64b4070f1c4a06d7f7aec73', '212.111.4.142', 1541584004, 0x5f5f63695f6c6173745f726567656e65726174657c693a313534313538343030323b),
('cb2f83b7310c3268a862b7da33ab2eb5ff18bdbf', '212.111.4.142', 1541588021, 0x5f5f63695f6c6173745f726567656e65726174657c693a313534313538383032313b),
('fd4096e0db3ebce505deae76a602c1269ec2d370', '212.111.4.142', 1541588078, 0x5f5f63695f6c6173745f726567656e65726174657c693a313534313538383032343b646174617c613a363a7b733a383a22757365726e616d65223b613a353a7b733a343a226e616d65223b733a383a22757365726e616d65223b733a353a2276616c7565223b733a363a22646667666467223b733a373a226d657373616765223b733a303a22223b733a31303a22737461747573466f726d223b733a31313a226861732d73756363657373223b733a31303a2273746174757349636f6e223b733a383a2266612d636865636b223b7d733a383a2270617373776f7264223b613a353a7b733a343a226e616d65223b733a383a2270617373776f7264223b733a353a2276616c7565223b733a303a22223b733a373a226d657373616765223b733a35333a224d696e696dc3a16c6ec3ad20706fc48d6574207a6e616bc5af207620706f6c69206865736c6f206d7573c3ad2062c3bd742020382e223b733a31303a22737461747573466f726d223b733a393a226861732d6572726f72223b733a31303a2273746174757349636f6e223b733a383a2266612d74696d6573223b7d733a343a226e616d65223b613a353a7b733a343a226e616d65223b733a343a226e616d65223b733a353a2276616c7565223b733a303a22223b733a373a226d657373616765223b733a32343a22506f6c65206a6dc3a96e6f206a6520706f76696e6ec3a92e223b733a31303a22737461747573466f726d223b733a393a226861732d6572726f72223b733a31303a2273746174757349636f6e223b733a383a2266612d74696d6573223b7d733a373a227375726e616d65223b613a353a7b733a343a226e616d65223b733a373a227375726e616d65223b733a353a2276616c7565223b733a303a22223b733a373a226d657373616765223b733a32393a22506f6c652070c599c3ad6a6d656ec3ad206a6520706f76696e6ec3a92e223b733a31303a22737461747573466f726d223b733a393a226861732d6572726f72223b733a31303a2273746174757349636f6e223b733a383a2266612d74696d6573223b7d733a353a22656d61696c223b613a353a7b733a343a226e616d65223b733a353a22656d61696c223b733a353a2276616c7565223b733a303a22223b733a373a226d657373616765223b733a32333a22506f6c6520656d61696c206a6520706f76696e6ec3a92e223b733a31303a22737461747573466f726d223b733a393a226861732d6572726f72223b733a31303a2273746174757349636f6e223b733a383a2266612d74696d6573223b7d733a373a22636f6e6669726d223b613a353a7b733a343a226e616d65223b733a373a22636f6e6669726d223b733a353a2276616c7565223b733a303a22223b733a373a226d657373616765223b733a33343a22506f6c6520706f7476727a656ec3ad206865736c61206a6520706f76696e6ec3a92e223b733a31303a22737461747573466f726d223b733a393a226861732d6572726f72223b733a31303a2273746174757349636f6e223b733a383a2266612d74696d6573223b7d7d5f5f63695f766172737c613a313a7b733a343a2264617461223b733a333a226f6c64223b7d),
('113ad817a1bcfaf667cce2f9c984491480a71d14', '2a00:1028:83da:233e:405b:3e29:954:5c4b', 1541988396, 0x5f5f63695f6c6173745f726567656e65726174657c693a313534313938383339333b),
('22e125b8cc19366f38ea0892c09c49740b7963b7', '2a00:1028:83da:233e:405b:3e29:954:5c4b', 1541988890, 0x5f5f63695f6c6173745f726567656e65726174657c693a313534313938383833383b646174617c613a363a7b733a383a22757365726e616d65223b613a353a7b733a343a226e616d65223b733a383a22757365726e616d65223b733a353a2276616c7565223b733a303a22223b733a373a226d657373616765223b733a33383a22506f6c652075c5be69766174656c736bc3a9206a6dc3a96e6f206a6520706f76696e6ec3a92e223b733a31303a22737461747573466f726d223b733a393a226861732d6572726f72223b733a31303a2273746174757349636f6e223b733a383a2266612d74696d6573223b7d733a383a2270617373776f7264223b613a353a7b733a343a226e616d65223b733a383a2270617373776f7264223b733a353a2276616c7565223b733a303a22223b733a373a226d657373616765223b733a32333a22506f6c65206865736c6f206a6520706f76696e6ec3a92e223b733a31303a22737461747573466f726d223b733a393a226861732d6572726f72223b733a31303a2273746174757349636f6e223b733a383a2266612d74696d6573223b7d733a343a226e616d65223b613a353a7b733a343a226e616d65223b733a343a226e616d65223b733a353a2276616c7565223b733a353a226376627663223b733a373a226d657373616765223b733a303a22223b733a31303a22737461747573466f726d223b733a31313a226861732d73756363657373223b733a31303a2273746174757349636f6e223b733a383a2266612d636865636b223b7d733a373a227375726e616d65223b613a353a7b733a343a226e616d65223b733a373a227375726e616d65223b733a353a2276616c7565223b733a303a22223b733a373a226d657373616765223b733a32393a22506f6c652070c599c3ad6a6d656ec3ad206a6520706f76696e6ec3a92e223b733a31303a22737461747573466f726d223b733a393a226861732d6572726f72223b733a31303a2273746174757349636f6e223b733a383a2266612d74696d6573223b7d733a353a22656d61696c223b613a353a7b733a343a226e616d65223b733a353a22656d61696c223b733a353a2276616c7565223b733a303a22223b733a373a226d657373616765223b733a32333a22506f6c6520656d61696c206a6520706f76696e6ec3a92e223b733a31303a22737461747573466f726d223b733a393a226861732d6572726f72223b733a31303a2273746174757349636f6e223b733a383a2266612d74696d6573223b7d733a373a22636f6e6669726d223b613a353a7b733a343a226e616d65223b733a373a22636f6e6669726d223b733a353a2276616c7565223b733a303a22223b733a373a226d657373616765223b733a33343a22506f6c6520706f7476727a656ec3ad206865736c61206a6520706f76696e6ec3a92e223b733a31303a22737461747573466f726d223b733a393a226861732d6572726f72223b733a31303a2273746174757349636f6e223b733a383a2266612d74696d6573223b7d7d5f5f63695f766172737c613a313a7b733a343a2264617461223b733a333a226f6c64223b7d),
('2729dab42f24794c8e5048c470fdbb10d2697f62', '212.111.4.142', 1542009123, 0x5f5f63695f6c6173745f726567656e65726174657c693a313534323030383836313b646174617c613a363a7b733a383a22757365726e616d65223b613a353a7b733a343a226e616d65223b733a383a22757365726e616d65223b733a353a2276616c7565223b733a31303a2261646d696e6e696d6461223b733a373a226d657373616765223b733a303a22223b733a31303a22737461747573466f726d223b733a31313a226861732d73756363657373223b733a31303a2273746174757349636f6e223b733a383a2266612d636865636b223b7d733a383a2270617373776f7264223b613a353a7b733a343a226e616d65223b733a383a2270617373776f7264223b733a353a2276616c7565223b733a303a22223b733a373a226d657373616765223b733a32333a22506f6c65206865736c6f206a6520706f76696e6ec3a92e223b733a31303a22737461747573466f726d223b733a393a226861732d6572726f72223b733a31303a2273746174757349636f6e223b733a383a2266612d74696d6573223b7d733a343a226e616d65223b613a353a7b733a343a226e616d65223b733a343a226e616d65223b733a353a2276616c7565223b733a353a224a61726461223b733a373a226d657373616765223b733a303a22223b733a31303a22737461747573466f726d223b733a31313a226861732d73756363657373223b733a31303a2273746174757349636f6e223b733a383a2266612d636865636b223b7d733a373a227375726e616d65223b613a353a7b733a343a226e616d65223b733a373a227375726e616d65223b733a353a2276616c7565223b733a383a224a61726461736f6e223b733a373a226d657373616765223b733a303a22223b733a31303a22737461747573466f726d223b733a31313a226861732d73756363657373223b733a31303a2273746174757349636f6e223b733a383a2266612d636865636b223b7d733a353a22656d61696c223b613a353a7b733a343a226e616d65223b733a353a22656d61696c223b733a353a2276616c7565223b733a32303a226e6576696d6e657a6e616d406d61696c2e636f6d223b733a373a226d657373616765223b733a303a22223b733a31303a22737461747573466f726d223b733a31313a226861732d73756363657373223b733a31303a2273746174757349636f6e223b733a383a2266612d636865636b223b7d733a373a22636f6e6669726d223b613a353a7b733a343a226e616d65223b733a373a22636f6e6669726d223b733a353a2276616c7565223b733a303a22223b733a373a226d657373616765223b733a33343a22506f6c6520706f7476727a656ec3ad206865736c61206a6520706f76696e6ec3a92e223b733a31303a22737461747573466f726d223b733a393a226861732d6572726f72223b733a31303a2273746174757349636f6e223b733a383a2266612d74696d6573223b7d7d5f5f63695f766172737c613a313a7b733a343a2264617461223b733a333a226e6577223b7d),
('68cc98c93e17ed03a7affdc72670b5ec709f3d28', '212.111.4.142', 1542008898, 0x5f5f63695f6c6173745f726567656e65726174657c693a313534323030383836313b);
INSERT INTO `ci_sessions` (`id`, `ip_address`, `timestamp`, `data`) VALUES
('5d0aa999eede053535e1298a84d39f84b5f58b48', '212.111.4.142', 1542008887, 0x5f5f63695f6c6173745f726567656e65726174657c693a313534323030383836323b646174617c613a363a7b733a383a22757365726e616d65223b613a353a7b733a343a226e616d65223b733a383a22757365726e616d65223b733a353a2276616c7565223b733a313a2261223b733a373a226d657373616765223b733a303a22223b733a31303a22737461747573466f726d223b733a31313a226861732d73756363657373223b733a31303a2273746174757349636f6e223b733a383a2266612d636865636b223b7d733a383a2270617373776f7264223b613a353a7b733a343a226e616d65223b733a383a2270617373776f7264223b733a353a2276616c7565223b733a303a22223b733a373a226d657373616765223b733a35333a224d696e696dc3a16c6ec3ad20706fc48d6574207a6e616bc5af207620706f6c69206865736c6f206d7573c3ad2062c3bd742020382e223b733a31303a22737461747573466f726d223b733a393a226861732d6572726f72223b733a31303a2273746174757349636f6e223b733a383a2266612d74696d6573223b7d733a343a226e616d65223b613a353a7b733a343a226e616d65223b733a343a226e616d65223b733a353a2276616c7565223b733a313a2261223b733a373a226d657373616765223b733a303a22223b733a31303a22737461747573466f726d223b733a31313a226861732d73756363657373223b733a31303a2273746174757349636f6e223b733a383a2266612d636865636b223b7d733a373a227375726e616d65223b613a353a7b733a343a226e616d65223b733a373a227375726e616d65223b733a353a2276616c7565223b733a313a2261223b733a373a226d657373616765223b733a303a22223b733a31303a22737461747573466f726d223b733a31313a226861732d73756363657373223b733a31303a2273746174757349636f6e223b733a383a2266612d636865636b223b7d733a353a22656d61696c223b613a353a7b733a343a226e616d65223b733a353a22656d61696c223b733a353a2276616c7565223b733a313a2261223b733a373a226d657373616765223b733a35333a22506f6c6520656d61696c206d7573c3ad206f627361686f7661742076616c69646ec3ad20656d61696c6f766f75206164726573752e223b733a31303a22737461747573466f726d223b733a393a226861732d6572726f72223b733a31303a2273746174757349636f6e223b733a383a2266612d74696d6573223b7d733a373a22636f6e6669726d223b613a353a7b733a343a226e616d65223b733a373a22636f6e6669726d223b733a353a2276616c7565223b733a303a22223b733a373a226d657373616765223b733a36343a224d696e696dc3a16c6ec3ad20706fc48d6574207a6e616bc5af207620706f6c6920706f7476727a656ec3ad206865736c61206d7573c3ad2062c3bd742020382e223b733a31303a22737461747573466f726d223b733a393a226861732d6572726f72223b733a31303a2273746174757349636f6e223b733a383a2266612d74696d6573223b7d7d5f5f63695f766172737c613a313a7b733a343a2264617461223b733a333a226f6c64223b7d),
('b1c0b7707763ee4141e42cff932540d99a3a69bd', '212.111.4.142', 1542008867, 0x5f5f63695f6c6173745f726567656e65726174657c693a313534323030383836373b),
('27554e79325fb7c402c40e8cdb91e012e92a3f51', '212.111.4.142', 1542009011, 0x5f5f63695f6c6173745f726567656e65726174657c693a313534323030383837313b6964656e746974797c733a333a22686667223b757365726e616d657c733a333a22686667223b656d61696c7c733a31353a226a6b6667406166676a6b6c2e63757a223b757365725f69647c733a323a223136223b6f6c645f6c6173745f6c6f67696e7c4e3b),
('9b5e772b7002eda2e803d2f3a65087f486aafd91', '212.111.4.142', 1542008890, 0x5f5f63695f6c6173745f726567656e65726174657c693a313534323030383837323b646174617c613a363a7b733a383a22757365726e616d65223b613a353a7b733a343a226e616d65223b733a383a22757365726e616d65223b733a353a2276616c7565223b733a303a22223b733a373a226d657373616765223b733a33383a22506f6c652075c5be69766174656c736bc3a9206a6dc3a96e6f206a6520706f76696e6ec3a92e223b733a31303a22737461747573466f726d223b733a393a226861732d6572726f72223b733a31303a2273746174757349636f6e223b733a383a2266612d74696d6573223b7d733a383a2270617373776f7264223b613a353a7b733a343a226e616d65223b733a383a2270617373776f7264223b733a353a2276616c7565223b733a303a22223b733a373a226d657373616765223b733a32333a22506f6c65206865736c6f206a6520706f76696e6ec3a92e223b733a31303a22737461747573466f726d223b733a393a226861732d6572726f72223b733a31303a2273746174757349636f6e223b733a383a2266612d74696d6573223b7d733a343a226e616d65223b613a353a7b733a343a226e616d65223b733a343a226e616d65223b733a353a2276616c7565223b733a313a226b223b733a373a226d657373616765223b733a303a22223b733a31303a22737461747573466f726d223b733a31313a226861732d73756363657373223b733a31303a2273746174757349636f6e223b733a383a2266612d636865636b223b7d733a373a227375726e616d65223b613a353a7b733a343a226e616d65223b733a373a227375726e616d65223b733a353a2276616c7565223b733a313a226b223b733a373a226d657373616765223b733a303a22223b733a31303a22737461747573466f726d223b733a31313a226861732d73756363657373223b733a31303a2273746174757349636f6e223b733a383a2266612d636865636b223b7d733a353a22656d61696c223b613a353a7b733a343a226e616d65223b733a353a22656d61696c223b733a353a2276616c7565223b733a303a22223b733a373a226d657373616765223b733a32333a22506f6c6520656d61696c206a6520706f76696e6ec3a92e223b733a31303a22737461747573466f726d223b733a393a226861732d6572726f72223b733a31303a2273746174757349636f6e223b733a383a2266612d74696d6573223b7d733a373a22636f6e6669726d223b613a353a7b733a343a226e616d65223b733a373a22636f6e6669726d223b733a353a2276616c7565223b733a303a22223b733a373a226d657373616765223b733a33343a22506f6c6520706f7476727a656ec3ad206865736c61206a6520706f76696e6ec3a92e223b733a31303a22737461747573466f726d223b733a393a226861732d6572726f72223b733a31303a2273746174757349636f6e223b733a383a2266612d74696d6573223b7d7d5f5f63695f766172737c613a313a7b733a343a2264617461223b733a333a226f6c64223b7d),
('9a8c426fc60533f090ebdc9a4da6319d2b309cfa', '212.111.4.142', 1542009028, 0x5f5f63695f6c6173745f726567656e65726174657c693a313534323030383839313b6964656e746974797c733a333a226a6b6c223b757365726e616d657c733a333a226a6b6c223b656d61696c7c733a31343a226a736b68664073647a666c2e7366223b757365725f69647c733a323a223138223b6f6c645f6c6173745f6c6f67696e7c4e3b),
('8989c1e97b5e2316f799392d64b9858eebfdd33f', '212.111.4.142', 1542009222, 0x5f5f63695f6c6173745f726567656e65726174657c693a313534323030393232323b646174617c613a363a7b733a383a22757365726e616d65223b613a353a7b733a343a226e616d65223b733a383a22757365726e616d65223b733a353a2276616c7565223b733a31303a2261646d696e6e696d6461223b733a373a226d657373616765223b733a303a22223b733a31303a22737461747573466f726d223b733a31313a226861732d73756363657373223b733a31303a2273746174757349636f6e223b733a383a2266612d636865636b223b7d733a383a2270617373776f7264223b613a353a7b733a343a226e616d65223b733a383a2270617373776f7264223b733a353a2276616c7565223b733a303a22223b733a373a226d657373616765223b733a32333a22506f6c65206865736c6f206a6520706f76696e6ec3a92e223b733a31303a22737461747573466f726d223b733a393a226861732d6572726f72223b733a31303a2273746174757349636f6e223b733a383a2266612d74696d6573223b7d733a343a226e616d65223b613a353a7b733a343a226e616d65223b733a343a226e616d65223b733a353a2276616c7565223b733a353a224a61726461223b733a373a226d657373616765223b733a303a22223b733a31303a22737461747573466f726d223b733a31313a226861732d73756363657373223b733a31303a2273746174757349636f6e223b733a383a2266612d636865636b223b7d733a373a227375726e616d65223b613a353a7b733a343a226e616d65223b733a373a227375726e616d65223b733a353a2276616c7565223b733a383a224a61726461736f6e223b733a373a226d657373616765223b733a303a22223b733a31303a22737461747573466f726d223b733a31313a226861732d73756363657373223b733a31303a2273746174757349636f6e223b733a383a2266612d636865636b223b7d733a353a22656d61696c223b613a353a7b733a343a226e616d65223b733a353a22656d61696c223b733a353a2276616c7565223b733a32303a226e6576696d6e657a6e616d406d61696c2e636f6d223b733a373a226d657373616765223b733a303a22223b733a31303a22737461747573466f726d223b733a31313a226861732d73756363657373223b733a31303a2273746174757349636f6e223b733a383a2266612d636865636b223b7d733a373a22636f6e6669726d223b613a353a7b733a343a226e616d65223b733a373a22636f6e6669726d223b733a353a2276616c7565223b733a303a22223b733a373a226d657373616765223b733a33343a22506f6c6520706f7476727a656ec3ad206865736c61206a6520706f76696e6ec3a92e223b733a31303a22737461747573466f726d223b733a393a226861732d6572726f72223b733a31303a2273746174757349636f6e223b733a383a2266612d74696d6573223b7d7d5f5f63695f766172737c613a313a7b733a343a2264617461223b733a333a226f6c64223b7d),
('fabed769831d91126709e7663394f188d89b0325', '212.111.4.142', 1542010498, 0x5f5f63695f6c6173745f726567656e65726174657c693a313534323031303434373b6964656e746974797c733a333a22686667223b757365726e616d657c733a333a22686667223b656d61696c7c733a31353a226a6b6667406166676a6b6c2e63757a223b757365725f69647c733a323a223136223b6f6c645f6c6173745f6c6f67696e7c4e3b),
('5b39009a201634ec5c3dbc76be7a1eae2763f330', '212.111.4.142', 1542012792, 0x5f5f63695f6c6173745f726567656e65726174657c693a313534323031323739303b6964656e746974797c733a333a22686667223b757365726e616d657c733a333a22686667223b656d61696c7c733a31353a226a6b6667406166676a6b6c2e63757a223b757365725f69647c733a323a223136223b6f6c645f6c6173745f6c6f67696e7c4e3b),
('912c88bb5010060662801c5a01c5058beff8f880', '212.111.4.142', 1542101322, 0x5f5f63695f6c6173745f726567656e65726174657c693a313534323130313332313b),
('e47868526477820055099e9e87f2d72e6f98c8ed', '212.111.4.142', 1542186497, 0x5f5f63695f6c6173745f726567656e65726174657c693a313534323138363432333b646174617c613a363a7b733a383a22757365726e616d65223b613a353a7b733a343a226e616d65223b733a383a22757365726e616d65223b733a353a2276616c7565223b733a303a22223b733a373a226d657373616765223b733a33383a22506f6c652075c5be69766174656c736bc3a9206a6dc3a96e6f206a6520706f76696e6ec3a92e223b733a31303a22737461747573466f726d223b733a393a226861732d6572726f72223b733a31303a2273746174757349636f6e223b733a383a2266612d74696d6573223b7d733a383a2270617373776f7264223b613a353a7b733a343a226e616d65223b733a383a2270617373776f7264223b733a353a2276616c7565223b733a303a22223b733a373a226d657373616765223b733a32333a22506f6c65206865736c6f206a6520706f76696e6ec3a92e223b733a31303a22737461747573466f726d223b733a393a226861732d6572726f72223b733a31303a2273746174757349636f6e223b733a383a2266612d74696d6573223b7d733a343a226e616d65223b613a353a7b733a343a226e616d65223b733a343a226e616d65223b733a353a2276616c7565223b733a373a2264666766646764223b733a373a226d657373616765223b733a303a22223b733a31303a22737461747573466f726d223b733a31313a226861732d73756363657373223b733a31303a2273746174757349636f6e223b733a383a2266612d636865636b223b7d733a373a227375726e616d65223b613a353a7b733a343a226e616d65223b733a373a227375726e616d65223b733a353a2276616c7565223b733a303a22223b733a373a226d657373616765223b733a32393a22506f6c652070c599c3ad6a6d656ec3ad206a6520706f76696e6ec3a92e223b733a31303a22737461747573466f726d223b733a393a226861732d6572726f72223b733a31303a2273746174757349636f6e223b733a383a2266612d74696d6573223b7d733a353a22656d61696c223b613a353a7b733a343a226e616d65223b733a353a22656d61696c223b733a353a2276616c7565223b733a353a226467676466223b733a373a226d657373616765223b733a35333a22506f6c6520656d61696c206d7573c3ad206f627361686f7661742076616c69646ec3ad20656d61696c6f766f75206164726573752e223b733a31303a22737461747573466f726d223b733a393a226861732d6572726f72223b733a31303a2273746174757349636f6e223b733a383a2266612d74696d6573223b7d733a373a22636f6e6669726d223b613a353a7b733a343a226e616d65223b733a373a22636f6e6669726d223b733a353a2276616c7565223b733a303a22223b733a373a226d657373616765223b733a33343a22506f6c6520706f7476727a656ec3ad206865736c61206a6520706f76696e6ec3a92e223b733a31303a22737461747573466f726d223b733a393a226861732d6572726f72223b733a31303a2273746174757349636f6e223b733a383a2266612d74696d6573223b7d7d5f5f63695f766172737c613a313a7b733a343a2264617461223b733a333a226f6c64223b7d),
('a84f0e599267f61bf09a208eae554bb13f796c53', '212.111.4.142', 1542186731, 0x5f5f63695f6c6173745f726567656e65726174657c693a313534323138363733313b),
('caf596a55465f9cf3ea222e1ecd4a22d8310a442', '212.111.4.142', 1542187001, 0x5f5f63695f6c6173745f726567656e65726174657c693a313534323138373030313b),
('e37ccf1af5212df4207c71daf513e2e9c08f26d8', '212.111.4.142', 1542187041, 0x5f5f63695f6c6173745f726567656e65726174657c693a313534323138373034313b),
('b32f86fa8a762ee3d9ae0d0f5ad3b67bbe0a0c55', '212.111.4.142', 1542187070, 0x5f5f63695f6c6173745f726567656e65726174657c693a313534323138373037303b),
('6283bb59acdc7441542ba71bbdc44732c0af3711', '212.111.4.142', 1542188471, 0x5f5f63695f6c6173745f726567656e65726174657c693a313534323138383436323b646174617c613a363a7b733a383a22757365726e616d65223b613a353a7b733a343a226e616d65223b733a383a22757365726e616d65223b733a353a2276616c7565223b733a303a22223b733a373a226d657373616765223b733a33383a22506f6c652075c5be69766174656c736bc3a9206a6dc3a96e6f206a6520706f76696e6ec3a92e223b733a31303a22737461747573466f726d223b733a393a226861732d6572726f72223b733a31303a2273746174757349636f6e223b733a383a2266612d74696d6573223b7d733a383a2270617373776f7264223b613a353a7b733a343a226e616d65223b733a383a2270617373776f7264223b733a353a2276616c7565223b733a303a22223b733a373a226d657373616765223b733a32333a22506f6c65206865736c6f206a6520706f76696e6ec3a92e223b733a31303a22737461747573466f726d223b733a393a226861732d6572726f72223b733a31303a2273746174757349636f6e223b733a383a2266612d74696d6573223b7d733a343a226e616d65223b613a353a7b733a343a226e616d65223b733a343a226e616d65223b733a353a2276616c7565223b733a333a22736164223b733a373a226d657373616765223b733a303a22223b733a31303a22737461747573466f726d223b733a31313a226861732d73756363657373223b733a31303a2273746174757349636f6e223b733a383a2266612d636865636b223b7d733a373a227375726e616d65223b613a353a7b733a343a226e616d65223b733a373a227375726e616d65223b733a353a2276616c7565223b733a303a22223b733a373a226d657373616765223b733a32393a22506f6c652070c599c3ad6a6d656ec3ad206a6520706f76696e6ec3a92e223b733a31303a22737461747573466f726d223b733a393a226861732d6572726f72223b733a31303a2273746174757349636f6e223b733a383a2266612d74696d6573223b7d733a353a22656d61696c223b613a353a7b733a343a226e616d65223b733a353a22656d61696c223b733a353a2276616c7565223b733a303a22223b733a373a226d657373616765223b733a32333a22506f6c6520656d61696c206a6520706f76696e6ec3a92e223b733a31303a22737461747573466f726d223b733a393a226861732d6572726f72223b733a31303a2273746174757349636f6e223b733a383a2266612d74696d6573223b7d733a373a22636f6e6669726d223b613a353a7b733a343a226e616d65223b733a373a22636f6e6669726d223b733a353a2276616c7565223b733a303a22223b733a373a226d657373616765223b733a33343a22506f6c6520706f7476727a656ec3ad206865736c61206a6520706f76696e6ec3a92e223b733a31303a22737461747573466f726d223b733a393a226861732d6572726f72223b733a31303a2273746174757349636f6e223b733a383a2266612d74696d6573223b7d7d5f5f63695f766172737c613a313a7b733a343a2264617461223b733a333a226f6c64223b7d),
('cdd49dfeece75d550caa28633fe2734d99240a80', '212.111.4.142', 1542193860, 0x5f5f63695f6c6173745f726567656e65726174657c693a313534323139333836303b646174617c613a363a7b733a383a22757365726e616d65223b613a353a7b733a343a226e616d65223b733a383a22757365726e616d65223b733a353a2276616c7565223b733a303a22223b733a373a226d657373616765223b733a33383a22506f6c652075c5be69766174656c736bc3a9206a6dc3a96e6f206a6520706f76696e6ec3a92e223b733a31303a22737461747573466f726d223b733a393a226861732d6572726f72223b733a31303a2273746174757349636f6e223b733a383a2266612d74696d6573223b7d733a383a2270617373776f7264223b613a353a7b733a343a226e616d65223b733a383a2270617373776f7264223b733a353a2276616c7565223b733a303a22223b733a373a226d657373616765223b733a32333a22506f6c65206865736c6f206a6520706f76696e6ec3a92e223b733a31303a22737461747573466f726d223b733a393a226861732d6572726f72223b733a31303a2273746174757349636f6e223b733a383a2266612d74696d6573223b7d733a343a226e616d65223b613a353a7b733a343a226e616d65223b733a343a226e616d65223b733a353a2276616c7565223b733a353a226667686766223b733a373a226d657373616765223b733a303a22223b733a31303a22737461747573466f726d223b733a31313a226861732d73756363657373223b733a31303a2273746174757349636f6e223b733a383a2266612d636865636b223b7d733a373a227375726e616d65223b613a353a7b733a343a226e616d65223b733a373a227375726e616d65223b733a353a2276616c7565223b733a303a22223b733a373a226d657373616765223b733a32393a22506f6c652070c599c3ad6a6d656ec3ad206a6520706f76696e6ec3a92e223b733a31303a22737461747573466f726d223b733a393a226861732d6572726f72223b733a31303a2273746174757349636f6e223b733a383a2266612d74696d6573223b7d733a353a22656d61696c223b613a353a7b733a343a226e616d65223b733a353a22656d61696c223b733a353a2276616c7565223b733a303a22223b733a373a226d657373616765223b733a32333a22506f6c6520656d61696c206a6520706f76696e6ec3a92e223b733a31303a22737461747573466f726d223b733a393a226861732d6572726f72223b733a31303a2273746174757349636f6e223b733a383a2266612d74696d6573223b7d733a373a22636f6e6669726d223b613a353a7b733a343a226e616d65223b733a373a22636f6e6669726d223b733a353a2276616c7565223b733a303a22223b733a373a226d657373616765223b733a33343a22506f6c6520706f7476727a656ec3ad206865736c61206a6520706f76696e6ec3a92e223b733a31303a22737461747573466f726d223b733a393a226861732d6572726f72223b733a31303a2273746174757349636f6e223b733a383a2266612d74696d6573223b7d7d5f5f63695f766172737c613a313a7b733a343a2264617461223b733a333a226f6c64223b7d),
('af9807fd043563f9a71d97eb673d5884338e0004', '212.111.4.142', 1542198327, 0x5f5f63695f6c6173745f726567656e65726174657c693a313534323139383332373b),
('69e631883c7b59e8d675ee81b95d79e562669438', '212.111.4.142', 1542359408, 0x5f5f63695f6c6173745f726567656e65726174657c693a313534323335393430383b),
('170792ce3bd2554d5c52837d604de709cc0ca732', '212.111.4.142', 1542359411, 0x5f5f63695f6c6173745f726567656e65726174657c693a313534323335393431313b),
('a11b6ffd987349eba9c974145489d5f6e21e8474', '212.111.4.142', 1542359413, 0x5f5f63695f6c6173745f726567656e65726174657c693a313534323335393431333b),
('845bcf7e215805f6cc694171e95e050c354f852f', '212.111.4.142', 1542359465, 0x5f5f63695f6c6173745f726567656e65726174657c693a313534323335393431343b),
('43f284d5b849c5a99aed49f895f0bf3c5a7b6bb9', '212.111.4.142', 1542620007, 0x5f5f63695f6c6173745f726567656e65726174657c693a313534323632303030323b646174617c613a363a7b733a383a22757365726e616d65223b613a353a7b733a343a226e616d65223b733a383a22757365726e616d65223b733a353a2276616c7565223b733a303a22223b733a373a226d657373616765223b733a33383a22506f6c652075c5be69766174656c736bc3a9206a6dc3a96e6f206a6520706f76696e6ec3a92e223b733a31303a22737461747573466f726d223b733a393a226861732d6572726f72223b733a31303a2273746174757349636f6e223b733a383a2266612d74696d6573223b7d733a383a2270617373776f7264223b613a353a7b733a343a226e616d65223b733a383a2270617373776f7264223b733a353a2276616c7565223b733a303a22223b733a373a226d657373616765223b733a32333a22506f6c65206865736c6f206a6520706f76696e6ec3a92e223b733a31303a22737461747573466f726d223b733a393a226861732d6572726f72223b733a31303a2273746174757349636f6e223b733a383a2266612d74696d6573223b7d733a343a226e616d65223b613a353a7b733a343a226e616d65223b733a343a226e616d65223b733a353a2276616c7565223b733a363a22666467666467223b733a373a226d657373616765223b733a303a22223b733a31303a22737461747573466f726d223b733a31313a226861732d73756363657373223b733a31303a2273746174757349636f6e223b733a383a2266612d636865636b223b7d733a373a227375726e616d65223b613a353a7b733a343a226e616d65223b733a373a227375726e616d65223b733a353a2276616c7565223b733a303a22223b733a373a226d657373616765223b733a32393a22506f6c652070c599c3ad6a6d656ec3ad206a6520706f76696e6ec3a92e223b733a31303a22737461747573466f726d223b733a393a226861732d6572726f72223b733a31303a2273746174757349636f6e223b733a383a2266612d74696d6573223b7d733a353a22656d61696c223b613a353a7b733a343a226e616d65223b733a353a22656d61696c223b733a353a2276616c7565223b733a303a22223b733a373a226d657373616765223b733a32333a22506f6c6520656d61696c206a6520706f76696e6ec3a92e223b733a31303a22737461747573466f726d223b733a393a226861732d6572726f72223b733a31303a2273746174757349636f6e223b733a383a2266612d74696d6573223b7d733a373a22636f6e6669726d223b613a353a7b733a343a226e616d65223b733a373a22636f6e6669726d223b733a353a2276616c7565223b733a303a22223b733a373a226d657373616765223b733a33343a22506f6c6520706f7476727a656ec3ad206865736c61206a6520706f76696e6ec3a92e223b733a31303a22737461747573466f726d223b733a393a226861732d6572726f72223b733a31303a2273746174757349636f6e223b733a383a2266612d74696d6573223b7d7d5f5f63695f766172737c613a313a7b733a343a2264617461223b733a333a226f6c64223b7d),
('4e66f34c8746c4741a8ef19f5ef4c2830b9cda9e', '212.111.4.142', 1542793689, 0x5f5f63695f6c6173745f726567656e65726174657c693a313534323739333638393b),
('6f94b8750cf843096f30e5aaf618dc32e725dea7', '34.221.147.136', 1543092009, 0x5f5f63695f6c6173745f726567656e65726174657c693a313534333039323030393b),
('27ce21b8f0dceab4eeddc7235e3bd84881fd5951', '212.111.4.142', 1543215308, 0x5f5f63695f6c6173745f726567656e65726174657c693a313534333231353330383b),
('d021ff17e7b21086a85843fa8ad4f0ac35c5d760', '212.111.4.142', 1543215317, 0x5f5f63695f6c6173745f726567656e65726174657c693a313534333231353331303b646174617c613a363a7b733a383a22757365726e616d65223b613a353a7b733a343a226e616d65223b733a383a22757365726e616d65223b733a353a2276616c7565223b733a303a22223b733a373a226d657373616765223b733a33383a22506f6c652075c5be69766174656c736bc3a9206a6dc3a96e6f206a6520706f76696e6ec3a92e223b733a31303a22737461747573466f726d223b733a393a226861732d6572726f72223b733a31303a2273746174757349636f6e223b733a383a2266612d74696d6573223b7d733a383a2270617373776f7264223b613a353a7b733a343a226e616d65223b733a383a2270617373776f7264223b733a353a2276616c7565223b733a303a22223b733a373a226d657373616765223b733a32333a22506f6c65206865736c6f206a6520706f76696e6ec3a92e223b733a31303a22737461747573466f726d223b733a393a226861732d6572726f72223b733a31303a2273746174757349636f6e223b733a383a2266612d74696d6573223b7d733a343a226e616d65223b613a353a7b733a343a226e616d65223b733a343a226e616d65223b733a353a2276616c7565223b733a373a2263767862637678223b733a373a226d657373616765223b733a303a22223b733a31303a22737461747573466f726d223b733a31313a226861732d73756363657373223b733a31303a2273746174757349636f6e223b733a383a2266612d636865636b223b7d733a373a227375726e616d65223b613a353a7b733a343a226e616d65223b733a373a227375726e616d65223b733a353a2276616c7565223b733a303a22223b733a373a226d657373616765223b733a32393a22506f6c652070c599c3ad6a6d656ec3ad206a6520706f76696e6ec3a92e223b733a31303a22737461747573466f726d223b733a393a226861732d6572726f72223b733a31303a2273746174757349636f6e223b733a383a2266612d74696d6573223b7d733a353a22656d61696c223b613a353a7b733a343a226e616d65223b733a353a22656d61696c223b733a353a2276616c7565223b733a303a22223b733a373a226d657373616765223b733a32333a22506f6c6520656d61696c206a6520706f76696e6ec3a92e223b733a31303a22737461747573466f726d223b733a393a226861732d6572726f72223b733a31303a2273746174757349636f6e223b733a383a2266612d74696d6573223b7d733a373a22636f6e6669726d223b613a353a7b733a343a226e616d65223b733a373a22636f6e6669726d223b733a353a2276616c7565223b733a303a22223b733a373a226d657373616765223b733a33343a22506f6c6520706f7476727a656ec3ad206865736c61206a6520706f76696e6ec3a92e223b733a31303a22737461747573466f726d223b733a393a226861732d6572726f72223b733a31303a2273746174757349636f6e223b733a383a2266612d74696d6573223b7d7d5f5f63695f766172737c613a313a7b733a343a2264617461223b733a333a226f6c64223b7d),
('1b65db366274e8d106a3f53fa79bbb0a4c5db34a', '185.7.214.62', 1543844534, 0x5f5f63695f6c6173745f726567656e65726174657c693a313534333834343533343b),
('bd9fd4e731283462b3c0d95efe1703e342ca44a6', '212.111.4.142', 1544176207, 0x5f5f63695f6c6173745f726567656e65726174657c693a313534343137363230373b),
('529fb9b61e8329984ab66985e5819e7b1de5c425', '212.111.4.142', 1545033791, 0x5f5f63695f6c6173745f726567656e65726174657c693a313534353033333737333b),
('659bf8b99222f687697c113dee3aed26de298d8b', '94.250.254.92', 1551693200, 0x5f5f63695f6c6173745f726567656e65726174657c693a313535313639333230303b),
('e1dbd28b2f296724f918f46f570161e39ad7c0f5', '109.228.54.28', 1557936374, 0x5f5f63695f6c6173745f726567656e65726174657c693a313535373933363337333b),
('65504c48577e354f65825f5bb39f95e0b99e2f8d', '79.98.129.101', 1558001879, 0x5f5f63695f6c6173745f726567656e65726174657c693a313535383030313837393b),
('9a0e4f983e89ce131753984fb4a1b7fcf2af456f', '178.20.231.9', 1558646202, 0x5f5f63695f6c6173745f726567656e65726174657c693a313535383634363230323b),
('254a30c60b4509a3886ddfafba3d7992278ef27b', '37.59.66.250', 1559886238, 0x5f5f63695f6c6173745f726567656e65726174657c693a313535393838363233383b),
('bfc479a9d928cd688a86f1d174699c0c2d8c989f', '217.182.103.201', 1559910042, 0x5f5f63695f6c6173745f726567656e65726174657c693a313535393931303034323b),
('a6bde42c4ded67466437e8858f7f874b87e816e9', '104.248.240.151', 1561830336, 0x5f5f63695f6c6173745f726567656e65726174657c693a313536313833303333363b),
('5d3bd54a0d31ffe4d807c5505acd568ad966c340', '62.109.8.153', 1562175385, 0x5f5f63695f6c6173745f726567656e65726174657c693a313536323137353338353b),
('5804eee24e55105262c62abb4d9fd58e43ddde73', '209.97.166.179', 1574475300, 0x5f5f63695f6c6173745f726567656e65726174657c693a313537343437353330303b),
('310f16b60996ccef13d377cdb39790073fca4fca', '103.15.226.14', 1583489898, 0x5f5f63695f6c6173745f726567656e65726174657c693a313538333438393839383b),
('1d1bc45c394b46e97705b8520dfbc696e622f0b9', '103.74.123.6', 1583987971, 0x5f5f63695f6c6173745f726567656e65726174657c693a313538333938373937313b),
('b55f7649245b56f47eb7debf5a40145d265a7044', '103.221.222.30', 1584218767, 0x5f5f63695f6c6173745f726567656e65726174657c693a313538343231383736373b),
('457d2a42d79e7bfa587f57b47187f29c3c99dde0', '128.199.180.123', 1585797140, 0x5f5f63695f6c6173745f726567656e65726174657c693a313538353739373134303b),
('88b6ca9885d8a4d2544fbe8f22832fbaf50f43d4', '52.23.194.144', 1586020374, 0x5f5f63695f6c6173745f726567656e65726174657c693a313538363032303337343b),
('2e33ea9cf7f50e8c7ab3c4d285f2926696598932', '47.113.89.23', 1586546359, 0x5f5f63695f6c6173745f726567656e65726174657c693a313538363534363335393b),
('3e7c5d9a5f2dfc240c20b789de0641cb2c77377d', '46.8.209.37', 1588310584, 0x5f5f63695f6c6173745f726567656e65726174657c693a313538383331303538343b),
('8c19b73f8f67c700887142b4335a88e1b6933321', '5.188.62.25', 1588509636, 0x5f5f63695f6c6173745f726567656e65726174657c693a313538383530393633363b),
('2614610963b74d0fec0cd0a21f5ace3a82883641', '34.68.120.16', 1590273668, 0x5f5f63695f6c6173745f726567656e65726174657c693a313539303237333636383b),
('2fe2f19cd6eb4f6040c97e729e63fe59ce81b8c3', '5.188.62.140', 1591789577, 0x5f5f63695f6c6173745f726567656e65726174657c693a313539313738393537373b),
('490a93c019abb936a473da19316635ca19bb77a2', '2001:41d0:303:5e44::', 1593786709, 0x5f5f63695f6c6173745f726567656e65726174657c693a313539333738363730393b),
('fba58e3cc6a8fdaeae5b50b8ccc1a2328fb0ae8e', '2a00:1028:83da:233e:7187:9684:61ce:43ff', 1593795645, 0x5f5f63695f6c6173745f726567656e65726174657c693a313539333739353633343b6964656e746974797c733a31333a2261646d696e6973747261746f72223b757365726e616d657c733a31333a2261646d696e6973747261746f72223b656d61696c7c733a31353a2261646d696e4061646d696e2e636f6d223b757365725f69647c733a313a2231223b6f6c645f6c6173745f6c6f67696e7c733a31303a2231343736303034383030223b),
('8a17e518a7d5a800eada610e5f33adc868234ca8', '2a00:1028:83da:233e:2015:d698:1510:f7b2', 1593887334, 0x5f5f63695f6c6173745f726567656e65726174657c693a313539333838373332363b),
('4fa9103a95a98c3b1cf99637275760e4d1b939de', '2a00:1028:83da:233e:58cc:5747:d07e:5596', 1593891895, 0x5f5f63695f6c6173745f726567656e65726174657c693a313539333839313738383b),
('700129f4aee0e679e05c190ed1346143e8fc01e2', '2a00:1028:83da:233e:58cc:5747:d07e:5596', 1593896978, 0x5f5f63695f6c6173745f726567656e65726174657c693a313539333839363733323b),
('d90c33c1cac25b70110363e1f65e42b519f659f1', '2a00:1028:83da:233e:58cc:5747:d07e:5596', 1593897285, 0x5f5f63695f6c6173745f726567656e65726174657c693a313539333839373038393b),
('d12c818f487640ec818e50fd562a4133a3ea64ad', '207.166.186.217', 1595432356, 0x5f5f63695f6c6173745f726567656e65726174657c693a313539353433323335363b),
('9bb3b00ca75ac97663957d0e63ce25659fadc56f', '5.188.62.140', 1596280953, 0x5f5f63695f6c6173745f726567656e65726174657c693a313539363238303935333b),
('a8c8e78717482e163aa39bd83ebc665348f9840e', '195.154.48.39', 1596463391, 0x5f5f63695f6c6173745f726567656e65726174657c693a313539363436333339313b),
('cba7d45d26cbfd4feb20bb62665b71452a885314', '165.22.228.147', 1597684025, 0x5f5f63695f6c6173745f726567656e65726174657c693a313539373638343032353b),
('a5d5ffea0113aef55b11d39d05d4b5e08cea260f', '198.100.145.89', 1597952892, 0x5f5f63695f6c6173745f726567656e65726174657c693a313539373935323839323b),
('5a87f268bc3d3b07031b1ffa7854ed1cac572f1e', '195.154.232.162', 1599506918, 0x5f5f63695f6c6173745f726567656e65726174657c693a313539393530363931383b),
('594b4acb7cbe621231a3eb2cf91b8cb34211370c', '91.227.68.139', 1600178211, 0x5f5f63695f6c6173745f726567656e65726174657c693a313630303137383231313b),
('488eccbd32c8af6ff580e2f342f704ca81a7a071', '89.176.2.195', 1632529778, 0x5f5f63695f6c6173745f726567656e65726174657c693a313633323532393637383b),
('14acacc3b62f47c0afa639e90e5a6aed3819814d', '194.228.68.123', 1643272500, 0x5f5f63695f6c6173745f726567656e65726174657c693a313634333237323438393b),
('5623db7ad1febb27bc955d87117960de1720288f', '194.228.68.123', 1643272559, 0x5f5f63695f6c6173745f726567656e65726174657c693a313634333237323534383b),
('0j3mn3rv6k4m3crlk65b1h38bi', '::1', 1643296259, 0x5f5f63695f6c6173745f726567656e65726174657c693a313634333239363235393b),
('nbv6h2sdnnglk1mo6b7r43oc6s', '::1', 1643296262, 0x5f5f63695f6c6173745f726567656e65726174657c693a313634333239363236323b),
('e17sjttio7001p15qhbna0n81r', '::1', 1643296278, 0x5f5f63695f6c6173745f726567656e65726174657c693a313634333239363237383b6964656e746974797c733a31333a2261646d696e6973747261746f72223b757365726e616d657c733a31333a2261646d696e6973747261746f72223b656d61696c7c733a31353a2261646d696e4061646d696e2e636f6d223b757365725f69647c733a313a2231223b6f6c645f6c6173745f6c6f67696e7c733a31303a2231353933373935363435223b),
('she3oqk7nvmbs7321vi9hn907g', '::1', 1643296278, 0x5f5f63695f6c6173745f726567656e65726174657c693a313634333239363237383b),
('bi1nq15a1vpk3o5r1v6gbrhdsi', '::1', 1643296278, 0x5f5f63695f6c6173745f726567656e65726174657c693a313634333239363237383b),
('d0u5mtmtrod6uu8vmrcb1koh0q', '::1', 1643296288, 0x5f5f63695f6c6173745f726567656e65726174657c693a313634333239363238383b6964656e746974797c733a31333a2261646d696e6973747261746f72223b757365726e616d657c733a31333a2261646d696e6973747261746f72223b656d61696c7c733a31353a2261646d696e4061646d696e2e636f6d223b757365725f69647c733a313a2231223b6f6c645f6c6173745f6c6f67696e7c733a31303a2231363433323936323738223b),
('16131iv0n24q8diac2sm9ir30g', '::1', 1643296288, 0x5f5f63695f6c6173745f726567656e65726174657c693a313634333239363238383b),
('kvfo8g580dv9ung7av7pt9mvff', '::1', 1643296289, 0x5f5f63695f6c6173745f726567656e65726174657c693a313634333239363238393b),
('ulnbi67t5n2hdgkf24fmgn3dcg', '::1', 1643296300, 0x5f5f63695f6c6173745f726567656e65726174657c693a313634333239363330303b6d6573736167657c733a34333a224e65737072c3a1766ec3a92075c5be69766174656c736bc3a9206a6dc3a96e6f206e65626f206865736c6f223b5f5f63695f766172737c613a313a7b733a373a226d657373616765223b733a333a226e6577223b7d),
('8j61sgofm87jadu3tmbam26ted', '::1', 1643296300, 0x5f5f63695f6c6173745f726567656e65726174657c693a313634333239363330303b),
('0ki3r2ae780q7leq5bedhpgpgh', '::1', 1643296306, 0x5f5f63695f6c6173745f726567656e65726174657c693a313634333239363330363b),
('p9bdojnbbh5ucp33ftrtaaag48', '::1', 1643296360, 0x5f5f63695f6c6173745f726567656e65726174657c693a313634333239363336303b),
('fj7itjd1t1etiqpef03i20ivf8', '::1', 1643296474, 0x5f5f63695f6c6173745f726567656e65726174657c693a313634333239363437343b),
('f8ftf5qjl62otb8cbseai4f2af', '::1', 1643296598, 0x5f5f63695f6c6173745f726567656e65726174657c693a313634333239363539383b),
('k4cnttvo46lin0hftri1uuml3n', '::1', 1643296603, 0x5f5f63695f6c6173745f726567656e65726174657c693a313634333239363630333b),
('ij16e9vc39dst82j4ubkbq8hl0', '::1', 1643296615, 0x5f5f63695f6c6173745f726567656e65726174657c693a313634333239363631353b),
('r9ireqbnhuuq6ooft0dvad06gu', '::1', 1643296621, 0x5f5f63695f6c6173745f726567656e65726174657c693a313634333239363632313b),
('jc40vj63bk3dgiijrtkei6mqm1', '::1', 1643296624, 0x5f5f63695f6c6173745f726567656e65726174657c693a313634333239363632343b),
('9j41lqg7rd4beo89s1s11aa05q', '::1', 1643296633, 0x5f5f63695f6c6173745f726567656e65726174657c693a313634333239363633333b),
('c0istflgv5m8i2eaolcvfl48dl', '::1', 1643296643, 0x5f5f63695f6c6173745f726567656e65726174657c693a313634333239363634333b),
('m6fjfp5vprlo6smnpf7fv4en3u', '::1', 1643296648, 0x5f5f63695f6c6173745f726567656e65726174657c693a313634333239363634383b),
('1ink4hque4rdv590neslq5uk0t', '::1', 1643296649, 0x5f5f63695f6c6173745f726567656e65726174657c693a313634333239363634393b),
('2es1kib3fjf3j2ra9kqja34eac', '::1', 1643299501, 0x5f5f63695f6c6173745f726567656e65726174657c693a313634333239393530313b),
('fit1vukvbvnbmpopsr2jd36kuh', '::1', 1643299507, 0x5f5f63695f6c6173745f726567656e65726174657c693a313634333239393530373b),
('btjjefksl8sq6a2n07j42locpb', '::1', 1643299508, 0x5f5f63695f6c6173745f726567656e65726174657c693a313634333239393530383b),
('iofsob734qqdpgfhjoe50n5l0e', '::1', 1643299511, 0x5f5f63695f6c6173745f726567656e65726174657c693a313634333239393531313b),
('u1984ok3m9tt0sh1qbfk7q6qsl', '::1', 1643299512, 0x5f5f63695f6c6173745f726567656e65726174657c693a313634333239393531323b),
('3mffr82c9jglgeije82fes5nlq', '::1', 1643299516, 0x5f5f63695f6c6173745f726567656e65726174657c693a313634333239393531363b),
('crld0i6g0k94h2ni74ocdauj43', '::1', 1643299519, 0x5f5f63695f6c6173745f726567656e65726174657c693a313634333239393531393b),
('p8b89i8uq5ngvp2k507lk9s0br', '::1', 1643299522, 0x5f5f63695f6c6173745f726567656e65726174657c693a313634333239393532323b),
('j3o49s70a5o5fnlcguffope7id', '::1', 1643299524, 0x5f5f63695f6c6173745f726567656e65726174657c693a313634333239393532343b),
('a5ru2ldv7vp31hv9h5or0vaqnf', '::1', 1643299526, 0x5f5f63695f6c6173745f726567656e65726174657c693a313634333239393532363b),
('04kt9sog8tjhvmqcukvssqnp91', '::1', 1643300579, 0x5f5f63695f6c6173745f726567656e65726174657c693a313634333330303537393b),
('1uj0cgah5d0gmfomssbl9otdrd', '::1', 1643300589, 0x5f5f63695f6c6173745f726567656e65726174657c693a313634333330303538383b6964656e746974797c733a31333a2261646d696e6973747261746f72223b757365726e616d657c733a31333a2261646d696e6973747261746f72223b656d61696c7c733a31353a2261646d696e4061646d696e2e636f6d223b757365725f69647c733a313a2231223b6f6c645f6c6173745f6c6f67696e7c733a31303a2231363433323936323838223b),
('cgpt5ur8f3elb2tfktq48eh99t', '::1', 1643300719, 0x5f5f63695f6c6173745f726567656e65726174657c693a313634333330303731393b6964656e746974797c733a31333a2261646d696e6973747261746f72223b757365726e616d657c733a31333a2261646d696e6973747261746f72223b656d61696c7c733a31353a2261646d696e4061646d696e2e636f6d223b757365725f69647c733a313a2231223b6f6c645f6c6173745f6c6f67696e7c733a31303a2231363433333030353839223b),
('7pf6sp1egqaovv9tr4q6i2cfqt', '::1', 1643300719, 0x5f5f63695f6c6173745f726567656e65726174657c693a313634333330303731393b),
('9io5t3mdg8o0tae7l9lak6rvm5', '::1', 1643300719, 0x5f5f63695f6c6173745f726567656e65726174657c693a313634333330303731393b),
('0nnbffc1qlsb8gdg89cm6t2taq', '::1', 1643300733, 0x5f5f63695f6c6173745f726567656e65726174657c693a313634333330303733333b6964656e746974797c733a31333a2261646d696e6973747261746f72223b757365726e616d657c733a31333a2261646d696e6973747261746f72223b656d61696c7c733a31353a2261646d696e4061646d696e2e636f6d223b757365725f69647c733a313a2231223b6f6c645f6c6173745f6c6f67696e7c733a31303a2231363433333030373139223b),
('gmbdea8dj7u5o8890er14r67nd', '::1', 1643300733, 0x5f5f63695f6c6173745f726567656e65726174657c693a313634333330303733333b),
('b5gfj9dke5d60sjfut7r2srue7', '::1', 1643300733, 0x5f5f63695f6c6173745f726567656e65726174657c693a313634333330303733333b),
('a04p6mv1bfatrqathtsr8q7aos', '::1', 1643300744, 0x5f5f63695f6c6173745f726567656e65726174657c693a313634333330303734343b6964656e746974797c733a31333a2261646d696e6973747261746f72223b757365726e616d657c733a31333a2261646d696e6973747261746f72223b656d61696c7c733a31353a2261646d696e4061646d696e2e636f6d223b757365725f69647c733a313a2231223b6f6c645f6c6173745f6c6f67696e7c733a31303a2231363433333030373333223b),
('n4dk9j7c7puhlnjqad9t23t62m', '::1', 1643300744, 0x5f5f63695f6c6173745f726567656e65726174657c693a313634333330303734343b),
('7qvlmgt5s3207jqou0j5vdt2j3', '::1', 1643300744, 0x5f5f63695f6c6173745f726567656e65726174657c693a313634333330303734343b),
('9agu1qom5k51arp3v7k9qblspn', '::1', 1643300810, 0x5f5f63695f6c6173745f726567656e65726174657c693a313634333330303831303b),
('egdk0mni1eqlnis0f2brpuus6k', '::1', 1643300812, 0x5f5f63695f6c6173745f726567656e65726174657c693a313634333330303831323b),
('ft7bgniqcg7rkd8pjkvgimee3e', '::1', 1643300826, 0x5f5f63695f6c6173745f726567656e65726174657c693a313634333330303832363b6964656e746974797c733a31333a2261646d696e6973747261746f72223b757365726e616d657c733a31333a2261646d696e6973747261746f72223b656d61696c7c733a31353a2261646d696e4061646d696e2e636f6d223b757365725f69647c733a313a2231223b6f6c645f6c6173745f6c6f67696e7c733a31303a2231363433333030373434223b),
('uhiv91gh2d23ndq107t9f7fnt1', '::1', 1643300849, 0x5f5f63695f6c6173745f726567656e65726174657c693a313634333330303834393b),
('r2noit1m2ul2jomafjieieepm6', '::1', 1643300850, 0x5f5f63695f6c6173745f726567656e65726174657c693a313634333330303835303b),
('d7hi3bgt7ampmq2l7a9gssgdt4', '::1', 1643300865, 0x5f5f63695f6c6173745f726567656e65726174657c693a313634333330303836353b6964656e746974797c733a31333a2261646d696e6973747261746f72223b757365726e616d657c733a31333a2261646d696e6973747261746f72223b656d61696c7c733a31353a2261646d696e4061646d696e2e636f6d223b757365725f69647c733a313a2231223b6f6c645f6c6173745f6c6f67696e7c733a31303a2231363433333030383236223b),
('e21b7k2qq89ntdaisi21dng7mh', '::1', 1643300865, 0x5f5f63695f6c6173745f726567656e65726174657c693a313634333330303836353b),
('340gqsuae6koif2tbisbjn5sri', '::1', 1643300865, 0x5f5f63695f6c6173745f726567656e65726174657c693a313634333330303836353b),
('5c2hoc4lss6nnvafn3m3svo9p2', '::1', 1643303119, 0x5f5f63695f6c6173745f726567656e65726174657c693a313634333330333131393b6964656e746974797c733a31333a2261646d696e6973747261746f72223b757365726e616d657c733a31333a2261646d696e6973747261746f72223b656d61696c7c733a31353a2261646d696e4061646d696e2e636f6d223b757365725f69647c733a313a2231223b6f6c645f6c6173745f6c6f67696e7c733a31303a2231363433333030383635223b),
('fpsl0ur5o5h34h46jpqdd0k8ed', '::1', 1643303119, 0x5f5f63695f6c6173745f726567656e65726174657c693a313634333330333131393b),
('kqv3na09odr6rl05tm9u87qmfk', '::1', 1643303119, 0x5f5f63695f6c6173745f726567656e65726174657c693a313634333330333131393b),
('689hlmn72fndu6lieju2dlkj4e', '::1', 1643304475, 0x5f5f63695f6c6173745f726567656e65726174657c693a313634333330343437343b6964656e746974797c733a31333a2261646d696e6973747261746f72223b757365726e616d657c733a31333a2261646d696e6973747261746f72223b656d61696c7c733a31353a2261646d696e4061646d696e2e636f6d223b757365725f69647c733a313a2231223b6f6c645f6c6173745f6c6f67696e7c733a31303a2231363433333033313139223b),
('0spkco3mquvr462o3236mj634l', '::1', 1643304475, 0x5f5f63695f6c6173745f726567656e65726174657c693a313634333330343437353b),
('r4lqsr917mgtkavr9cd6hnfr3o', '::1', 1643304475, 0x5f5f63695f6c6173745f726567656e65726174657c693a313634333330343437353b),
('nh35e1jh13kenkqvn56a6r9n62', '::1', 1643304523, 0x5f5f63695f6c6173745f726567656e65726174657c693a313634333330343532333b6964656e746974797c733a31333a2261646d696e6973747261746f72223b757365726e616d657c733a31333a2261646d696e6973747261746f72223b656d61696c7c733a31353a2261646d696e4061646d696e2e636f6d223b757365725f69647c733a313a2231223b6f6c645f6c6173745f6c6f67696e7c733a31303a2231363433333034343735223b),
('hq9c5peth9432od00q4098hua4', '::1', 1643304523, 0x5f5f63695f6c6173745f726567656e65726174657c693a313634333330343532333b),
('7tdnc94ehm3ut1nurvbcm5lm2g', '::1', 1643304523, 0x5f5f63695f6c6173745f726567656e65726174657c693a313634333330343532333b),
('ced9447mj78m92kpdsmcmioaqu', '127.0.0.1', 1643304544, 0x5f5f63695f6c6173745f726567656e65726174657c693a313634333330343534343b),
('m6qgblltoo6mj9h6cd6tdspfum', '127.0.0.1', 1643304547, 0x5f5f63695f6c6173745f726567656e65726174657c693a313634333330343534373b),
('h1poopiaklao1adrttv1u3jefs', '127.0.0.1', 1643304557, 0x5f5f63695f6c6173745f726567656e65726174657c693a313634333330343535373b6964656e746974797c733a31333a2261646d696e6973747261746f72223b757365726e616d657c733a31333a2261646d696e6973747261746f72223b656d61696c7c733a31353a2261646d696e4061646d696e2e636f6d223b757365725f69647c733a313a2231223b6f6c645f6c6173745f6c6f67696e7c733a31303a2231363433333034353233223b),
('c46l0r5hbh7hi0gd0hd3svip0n', '127.0.0.1', 1643304557, 0x5f5f63695f6c6173745f726567656e65726174657c693a313634333330343535373b),
('gnvlcm3rnns7bio9nlua2qn7e8', '127.0.0.1', 1643304557, 0x5f5f63695f6c6173745f726567656e65726174657c693a313634333330343535373b),
('l9bvtnu5fedodbmoaotns0kdbf', '127.0.0.1', 1643304657, 0x5f5f63695f6c6173745f726567656e65726174657c693a313634333330343635373b6964656e746974797c733a31333a2261646d696e6973747261746f72223b757365726e616d657c733a31333a2261646d696e6973747261746f72223b656d61696c7c733a31353a2261646d696e4061646d696e2e636f6d223b757365725f69647c733a313a2231223b6f6c645f6c6173745f6c6f67696e7c733a31303a2231363433333034353537223b),
('ae7o2dsukgkfoutsum262jolr1', '127.0.0.1', 1643304657, 0x5f5f63695f6c6173745f726567656e65726174657c693a313634333330343635373b),
('dntdhqf22jbq74frlu80bg6u5v', '127.0.0.1', 1643304657, 0x5f5f63695f6c6173745f726567656e65726174657c693a313634333330343635373b),
('dffkehr1dprr388mmid62g1eb6', '127.0.0.1', 1643304666, 0x5f5f63695f6c6173745f726567656e65726174657c693a313634333330343636363b6964656e746974797c733a31333a2261646d696e6973747261746f72223b757365726e616d657c733a31333a2261646d696e6973747261746f72223b656d61696c7c733a31353a2261646d696e4061646d696e2e636f6d223b757365725f69647c733a313a2231223b6f6c645f6c6173745f6c6f67696e7c733a31303a2231363433333034363537223b),
('i90dicodtu0982g4ehplko0kkd', '127.0.0.1', 1643304666, 0x5f5f63695f6c6173745f726567656e65726174657c693a313634333330343636363b),
('32vf3pshctj2ea13saiv51ua8p', '127.0.0.1', 1643304666, 0x5f5f63695f6c6173745f726567656e65726174657c693a313634333330343636363b),
('n35bvsbet3qgstqq9jid29msbm', '127.0.0.1', 1643304676, 0x5f5f63695f6c6173745f726567656e65726174657c693a313634333330343637363b6964656e746974797c733a31333a2261646d696e6973747261746f72223b757365726e616d657c733a31333a2261646d696e6973747261746f72223b656d61696c7c733a31353a2261646d696e4061646d696e2e636f6d223b757365725f69647c733a313a2231223b6f6c645f6c6173745f6c6f67696e7c733a31303a2231363433333034363636223b),
('j9rq0idoqqnm3i9cpmea4n39jb', '127.0.0.1', 1643304676, 0x5f5f63695f6c6173745f726567656e65726174657c693a313634333330343637363b),
('a1e8fkrff9cdr5thmmf2ikh64d', '127.0.0.1', 1643304676, 0x5f5f63695f6c6173745f726567656e65726174657c693a313634333330343637363b),
('6q5o6slv6tpc6ku9dov3gk4ofu', '::1', 1643315926, 0x5f5f63695f6c6173745f726567656e65726174657c693a313634333331353932363b),
('olrus2h3rv75bscg97qq50bvio', '::1', 1643315939, 0x5f5f63695f6c6173745f726567656e65726174657c693a313634333331353933393b),
('kbrm96j4pu0fb1526temslvi95', '::1', 1643315962, 0x5f5f63695f6c6173745f726567656e65726174657c693a313634333331353936323b),
('ljnj264aj8fuo3rvo0u0g4m4dc', '::1', 1643316002, 0x5f5f63695f6c6173745f726567656e65726174657c693a313634333331363030323b),
('1vjg2hs2cdn1r71v6vn3egahiv', '::1', 1643316012, 0x5f5f63695f6c6173745f726567656e65726174657c693a313634333331363031323b),
('vo5vj2kgo8arufpf75smjr5q7c', '::1', 1643316049, 0x5f5f63695f6c6173745f726567656e65726174657c693a313634333331363034393b),
('u0el9ioakqrbqsb6pjko0h112a', '::1', 1643316060, 0x5f5f63695f6c6173745f726567656e65726174657c693a313634333331363036303b),
('gvtkebtl46enapk7alauq47nga', '::1', 1643316062, 0x5f5f63695f6c6173745f726567656e65726174657c693a313634333331363036323b),
('jne969oumaafe7h4kvgjv4kmvr', '::1', 1643316121, 0x5f5f63695f6c6173745f726567656e65726174657c693a313634333331363132313b),
('kosn4kpatvm434ad02aup3osoq', '::1', 1643316190, 0x5f5f63695f6c6173745f726567656e65726174657c693a313634333331363139303b),
('sh2qf4tmhmfafto80lqr7rll25', '::1', 1643316277, 0x5f5f63695f6c6173745f726567656e65726174657c693a313634333331363237373b),
('37ap78jq9fa89c5tsrf1nd8t1i', '::1', 1643316279, 0x5f5f63695f6c6173745f726567656e65726174657c693a313634333331363237393b),
('686qpcvcte1b1hn36rjvgvgm90', '::1', 1643316282, 0x5f5f63695f6c6173745f726567656e65726174657c693a313634333331363238323b),
('ab5cgffp3cuegt9piu6c5ncpu9', '::1', 1643316292, 0x5f5f63695f6c6173745f726567656e65726174657c693a313634333331363239323b6964656e746974797c733a31333a2261646d696e6973747261746f72223b757365726e616d657c733a31333a2261646d696e6973747261746f72223b656d61696c7c733a31353a2261646d696e4061646d696e2e636f6d223b757365725f69647c733a313a2231223b6f6c645f6c6173745f6c6f67696e7c733a31303a2231363433333034363736223b),
('8fl3q4un9ksbnfjnuc5v20noe6', '::1', 1643316315, 0x5f5f63695f6c6173745f726567656e65726174657c693a313634333331363331353b),
('p3eucb9j8b82d6thfrdqsdlm9v', '::1', 1643316326, 0x5f5f63695f6c6173745f726567656e65726174657c693a313634333331363332363b6d6573736167657c733a34333a224e65737072c3a1766ec3a92075c5be69766174656c736bc3a9206a6dc3a96e6f206e65626f206865736c6f223b5f5f63695f766172737c613a313a7b733a373a226d657373616765223b733a333a226e6577223b7d),
('ht0pd7rc8rqin006e6eb0p3rlm', '::1', 1643316332, 0x5f5f63695f6c6173745f726567656e65726174657c693a313634333331363333323b),
('260ktd0g3go1espjr40jk9eboi', '::1', 1643316356, 0x5f5f63695f6c6173745f726567656e65726174657c693a313634333331363335363b6d6573736167657c733a34333a224e65737072c3a1766ec3a92075c5be69766174656c736bc3a9206a6dc3a96e6f206e65626f206865736c6f223b5f5f63695f766172737c613a313a7b733a373a226d657373616765223b733a333a226e6577223b7d),
('bglct5fgnfbscq60kkg4rls7e1', '::1', 1643316356, 0x5f5f63695f6c6173745f726567656e65726174657c693a313634333331363335363b),
('i2qtplleuvklaj2ns9a6n9l960', '::1', 1643316357, 0x5f5f63695f6c6173745f726567656e65726174657c693a313634333331363335373b6d6573736167657c733a34333a224e65737072c3a1766ec3a92075c5be69766174656c736bc3a9206a6dc3a96e6f206e65626f206865736c6f223b5f5f63695f766172737c613a313a7b733a373a226d657373616765223b733a333a226e6577223b7d),
('ng6eltc5pnocfvj7os0gb7jtss', '::1', 1643316357, 0x5f5f63695f6c6173745f726567656e65726174657c693a313634333331363335373b),
('p94sig2has7c50caifpu5mb89u', '::1', 1643316396, 0x5f5f63695f6c6173745f726567656e65726174657c693a313634333331363339363b6d6573736167657c733a34333a224e65737072c3a1766ec3a92075c5be69766174656c736bc3a9206a6dc3a96e6f206e65626f206865736c6f223b5f5f63695f766172737c613a313a7b733a373a226d657373616765223b733a333a226e6577223b7d),
('od1ejo6iap1pjt1o0bccjb2clh', '::1', 1643316396, 0x5f5f63695f6c6173745f726567656e65726174657c693a313634333331363339363b),
('2jiklcqd0sdmtbb0r0m64kfppb', '::1', 1643316399, 0x5f5f63695f6c6173745f726567656e65726174657c693a313634333331363339393b),
('99tstdo0qj22mke8odf4k1i4vd', '::1', 1643316454, 0x5f5f63695f6c6173745f726567656e65726174657c693a313634333331363435343b),
('qt6lva0b7aau0bmk3ii4d8ro3p', '::1', 1643316460, 0x5f5f63695f6c6173745f726567656e65726174657c693a313634333331363436303b6d6573736167657c733a34333a224e65737072c3a1766ec3a92075c5be69766174656c736bc3a9206a6dc3a96e6f206e65626f206865736c6f223b5f5f63695f766172737c613a313a7b733a373a226d657373616765223b733a333a226e6577223b7d),
('vo0uokufk92rpovmna4ujisgpj', '::1', 1643316460, 0x5f5f63695f6c6173745f726567656e65726174657c693a313634333331363436303b),
('j7p9o65s1j51ueljh75saeoqc6', '::1', 1643316506, 0x5f5f63695f6c6173745f726567656e65726174657c693a313634333331363530363b),
('nh1lc9l4h9mbdanbka65i3t06l', '::1', 1643316510, 0x5f5f63695f6c6173745f726567656e65726174657c693a313634333331363531303b6d6573736167657c733a34333a224e65737072c3a1766ec3a92075c5be69766174656c736bc3a9206a6dc3a96e6f206e65626f206865736c6f223b5f5f63695f766172737c613a313a7b733a373a226d657373616765223b733a333a226e6577223b7d),
('4iha4p3i35g0aj3i96dol50gsj', '::1', 1643316510, 0x5f5f63695f6c6173745f726567656e65726174657c693a313634333331363531303b),
('c6osknmvd1h3spn4ljt7gpb6gq', '::1', 1643316669, 0x5f5f63695f6c6173745f726567656e65726174657c693a313634333331363636393b),
('iircnss3kf0mnnlob0lc13d35k', '::1', 1643316672, 0x5f5f63695f6c6173745f726567656e65726174657c693a313634333331363637313b6d6573736167657c733a34333a224e65737072c3a1766ec3a92075c5be69766174656c736bc3a9206a6dc3a96e6f206e65626f206865736c6f223b5f5f63695f766172737c613a313a7b733a373a226d657373616765223b733a333a226e6577223b7d),
('bab9imil5atme48tp85kh0gahb', '::1', 1643316737, 0x5f5f63695f6c6173745f726567656e65726174657c693a313634333331363733373b),
('nuuhhm3gl7p1dtv4542gh0mp8h', '::1', 1643316739, 0x5f5f63695f6c6173745f726567656e65726174657c693a313634333331363733393b),
('mtf0o495765ve6l47o7inhq14n', '::1', 1643316741, 0x5f5f63695f6c6173745f726567656e65726174657c693a313634333331363734313b6d6573736167657c733a34333a224e65737072c3a1766ec3a92075c5be69766174656c736bc3a9206a6dc3a96e6f206e65626f206865736c6f223b5f5f63695f766172737c613a313a7b733a373a226d657373616765223b733a333a226e6577223b7d),
('r4ohvbdqic796tbggurmp5d2em', '::1', 1643316741, 0x5f5f63695f6c6173745f726567656e65726174657c693a313634333331363734313b),
('sculr55mc32s5r5ecq7opda0fn', '::1', 1643316743, 0x5f5f63695f6c6173745f726567656e65726174657c693a313634333331363734333b6d6573736167657c733a34333a224e65737072c3a1766ec3a92075c5be69766174656c736bc3a9206a6dc3a96e6f206e65626f206865736c6f223b5f5f63695f766172737c613a313a7b733a373a226d657373616765223b733a333a226e6577223b7d),
('2sqnaqh5nkk9e3o3khshls14s8', '::1', 1643316743, 0x5f5f63695f6c6173745f726567656e65726174657c693a313634333331363734333b),
('ee6aa68gv9j3a8i20prf5k18j3', '::1', 1643316747, 0x5f5f63695f6c6173745f726567656e65726174657c693a313634333331363734373b6d6573736167657c733a34333a224e65737072c3a1766ec3a92075c5be69766174656c736bc3a9206a6dc3a96e6f206e65626f206865736c6f223b5f5f63695f766172737c613a313a7b733a373a226d657373616765223b733a333a226e6577223b7d),
('t5mnfo21lgr7q5rgb234089865', '::1', 1643316747, 0x5f5f63695f6c6173745f726567656e65726174657c693a313634333331363734373b),
('npssl9omdd3hhf5ckghamu6ujl', '::1', 1643319465, 0x5f5f63695f6c6173745f726567656e65726174657c693a313634333331393436353b),
('pcv34sba6ci6pn6jgep43bq8hs', '::1', 1643319475, 0x5f5f63695f6c6173745f726567656e65726174657c693a313634333331393437353b6964656e746974797c733a31333a2261646d696e6973747261746f72223b757365726e616d657c733a31333a2261646d696e6973747261746f72223b656d61696c7c733a31353a2261646d696e4061646d696e2e636f6d223b757365725f69647c733a313a2231223b6f6c645f6c6173745f6c6f67696e7c733a31303a2231363433333136323932223b),
('v6obfv754ad6f9cjnpga80tne7', '::1', 1643319583, 0x5f5f63695f6c6173745f726567656e65726174657c693a313634333331393538333b6964656e746974797c733a31333a2261646d696e6973747261746f72223b757365726e616d657c733a31333a2261646d696e6973747261746f72223b656d61696c7c733a31353a2261646d696e4061646d696e2e636f6d223b757365725f69647c733a313a2231223b6f6c645f6c6173745f6c6f67696e7c733a31303a2231363433333139343735223b),
('olol6a8vpdior6d901n43umbvs', '::1', 1643319587, 0x5f5f63695f6c6173745f726567656e65726174657c693a313634333331393538373b);
INSERT INTO `ci_sessions` (`id`, `ip_address`, `timestamp`, `data`) VALUES
('q3lacn99hdtu2qfhp3ppkji3c7', '::1', 1643319588, 0x5f5f63695f6c6173745f726567656e65726174657c693a313634333331393538383b),
('iaqjcdpo57os4ql4kqf3he8650', '::1', 1643319597, 0x5f5f63695f6c6173745f726567656e65726174657c693a313634333331393539373b6964656e746974797c733a31333a2261646d696e6973747261746f72223b757365726e616d657c733a31333a2261646d696e6973747261746f72223b656d61696c7c733a31353a2261646d696e4061646d696e2e636f6d223b757365725f69647c733a313a2231223b6f6c645f6c6173745f6c6f67696e7c733a31303a2231363433333139353833223b),
('5eeiarprrujsi51kh45et2728c', '::1', 1643319687, 0x5f5f63695f6c6173745f726567656e65726174657c693a313634333331393638373b),
('o6qhc6m5k5ftttgpvc04g0sdf6', '::1', 1643319689, 0x5f5f63695f6c6173745f726567656e65726174657c693a313634333331393638393b),
('f7qhoac3i47eeugmucsfhsv8hh', '::1', 1643319697, 0x5f5f63695f6c6173745f726567656e65726174657c693a313634333331393639373b6964656e746974797c733a31333a2261646d696e6973747261746f72223b757365726e616d657c733a31333a2261646d696e6973747261746f72223b656d61696c7c733a31353a2261646d696e4061646d696e2e636f6d223b757365725f69647c733a313a2231223b6f6c645f6c6173745f6c6f67696e7c733a31303a2231363433333139353937223b),
('de9cpaak02u3h0jb0ljs2pe0qq', '::1', 1643319725, 0x5f5f63695f6c6173745f726567656e65726174657c693a313634333331393732353b6964656e746974797c733a31333a2261646d696e6973747261746f72223b757365726e616d657c733a31333a2261646d696e6973747261746f72223b656d61696c7c733a31353a2261646d696e4061646d696e2e636f6d223b757365725f69647c733a313a2231223b6f6c645f6c6173745f6c6f67696e7c733a31303a2231363433333139363937223b),
('5uke9cadqef35j3ihc9oadgue2', '::1', 1643319725, 0x5f5f63695f6c6173745f726567656e65726174657c693a313634333331393732353b);

-- --------------------------------------------------------

--
-- Struktura tabulky `groups`
--

CREATE TABLE `groups` (
  `id` mediumint(8) UNSIGNED NOT NULL,
  `name` varchar(20) NOT NULL,
  `description` varchar(100) NOT NULL
) ENGINE=InnoDB DEFAULT CHARSET=utf8 COLLATE=utf8_general_ci;

--
-- Vypisuji data pro tabulku `groups`
--

INSERT INTO `groups` (`id`, `name`, `description`) VALUES
(1, 'admin', 'Administrator'),
(2, 'members', 'General User');

-- --------------------------------------------------------

--
-- Struktura tabulky `groups_permissions`
--

CREATE TABLE `groups_permissions` (
  `id` int(11) NOT NULL,
  `group_id` int(11) NOT NULL,
  `perm_id` int(11) NOT NULL,
  `value` tinyint(4) DEFAULT 0,
  `created_at` int(11) NOT NULL,
  `updated_at` int(11) NOT NULL
) ENGINE=InnoDB DEFAULT CHARSET=latin1 COLLATE=latin1_swedish_ci;

-- --------------------------------------------------------

--
-- Struktura tabulky `league`
--

CREATE TABLE `league` (
  `id_league` int(1) NOT NULL,
  `name` varchar(255) NOT NULL,
  `id_association` int(255) NOT NULL,
  `level` tinyint(4) NOT NULL,
  `active` tinyint(4) NOT NULL,
  `created_at` int(11) NOT NULL,
  `updated_at` int(11) NOT NULL,
  `deleted_at` int(11) DEFAULT NULL
) ENGINE=InnoDB DEFAULT CHARSET=utf8 COLLATE=utf8_unicode_ci;

--
-- Vypisuji data pro tabulku `league`
--

INSERT INTO `league` (`id_league`, `name`, `id_association`, `level`, `active`, `created_at`, `updated_at`, `deleted_at`) VALUES
(1, 'Oberliga Süd', 2, 1, 0, 1672852944, 1672852944, NULL),
(2, 'Oberliga Südwest', 8, 1, 0, 1672854249, 1672854249, NULL),
(3, 'Vertragsliga Berlin', 12, 1, 0, 1672856155, 1672856155, NULL),
(4, 'Oberliga Nord', 9, 1, 0, 1672856284, 1672856284, NULL),
(5, 'Oberliga West', 10, 1, 0, 1672856302, 1672856302, NULL),
(6, 'Bundesliga', 13, 1, 0, 1672856598, 1672985880, NULL),
(7, '2. Bundesliga', 13, 2, 0, 1672857128, 1672985890, NULL),
(8, 'DDR-Oberliga', 14, 1, 0, 1672947564, 1672947564, NULL),
(14, 'Bundesliga', 16, 1, 1, 1672985911, 1672985946, NULL),
(15, '2. Bundesliga', 16, 2, 1, 1672985929, 1672985953, NULL),
(16, '3. liga', 13, 3, 1, 1672986045, 1672986045, NULL);

-- --------------------------------------------------------

--
-- Struktura tabulky `league_season`
--

CREATE TABLE `league_season` (
  `id_league_season` int(11) NOT NULL,
  `id_league` int(11) NOT NULL,
  `id_assoc_season` int(11) NOT NULL,
  `logo` varchar(255) NOT NULL,
  `league_name_in_season` varchar(255) NOT NULL,
  `groups` tinyint(1) NOT NULL COMMENT '1 - nemá skupiny, 2 - má skupiny',
  `created_at` int(11) NOT NULL,
  `updated_at` int(11) NOT NULL,
  `deleted_at` int(11) DEFAULT NULL
) ENGINE=InnoDB DEFAULT CHARSET=utf8mb4 COLLATE=utf8mb4_general_ci;

--
-- Vypisuji data pro tabulku `league_season`
--

INSERT INTO `league_season` (`id_league_season`, `id_league`, `id_assoc_season`, `logo`, `league_name_in_season`, `groups`, `created_at`, `updated_at`, `deleted_at`) VALUES
(17, 1, 1, 'logo_liga_1_1.jpg', 'Oberliga Süd', 1, 1674399084, 1676758193, NULL),
(18, 2, 20, 'logo_liga_2_1.jpg', 'Oberliga Südwest', 2, 1674399169, 1674399169, NULL),
(19, 3, 10, 'logo_liga_3_1.jpg', 'Stadtliga Berlin', 2, 1674399238, 1674399238, NULL),
(23, 1, 2, 'logo_liga_1_2.jpg', 'Oberliga Süd', 1, 1686496107, 1686496107, NULL),
(24, 1, 3, 'logo_liga_1_3.jpg', 'Oberliga Süd', 1, 1686504941, 1686504941, NULL),
(25, 1, 4, 'logo_liga_1_4.jpg', 'Oberliga Süd', 1, 1686506017, 1686506017, NULL),
(26, 1, 7, 'logo_liga_1_7.png', 'Oberliga Süd', 1, 1689629716, 1689629716, NULL),
(27, 1, 5, 'logo_liga_1_5.png', 'Oberliga Süd', 1, 1689629885, 1689629885, NULL);

-- --------------------------------------------------------

--
-- Struktura tabulky `league_season_group`
--

CREATE TABLE `league_season_group` (
  `id_league_season_group` int(11) NOT NULL,
  `id_league_season` int(11) NOT NULL,
  `groupname` varchar(255) DEFAULT NULL,
  `regular` tinyint(4) NOT NULL DEFAULT 1 COMMENT '1 - normální soutěž, 2 - mistrovství, baráž apod.',
  `created_at` int(11) NOT NULL,
  `updated_at` int(11) NOT NULL,
  `deleted_at` int(11) DEFAULT NULL
) ENGINE=InnoDB DEFAULT CHARSET=utf8mb4 COLLATE=utf8mb4_general_ci;

--
-- Vypisuji data pro tabulku `league_season_group`
--

INSERT INTO `league_season_group` (`id_league_season_group`, `id_league_season`, `groupname`, `regular`, `created_at`, `updated_at`, `deleted_at`) VALUES
(11, 18, 'Nordgruppe', 1, 1674399169, 1689350674, 1689350674),
(12, 18, 'Südgruppe West', 1, 1674399169, 1674399169, NULL),
(13, 18, 'Südgruppe Ost', 1, 1674399169, 1674399169, NULL),
(14, 19, 'Staffel A', 1, 1674399238, 1674399238, NULL),
(15, 19, 'Staffel B', 1, 1674399238, 1674399238, NULL),
(16, 19, 'Staffel C', 1, 1674399238, 1674399238, NULL),
(17, 19, 'Staffel D', 1, 1674399238, 1674399238, NULL),
(35, 17, NULL, 1, 1676758193, 1676758193, NULL),
(36, 18, 'Meisterschaft', 2, 1676843626, 1676843626, NULL),
(37, 19, 'Meisterschaft', 2, 1676843649, 1676843649, NULL),
(42, 18, 'Nordgruppe', 1, 0, 1689642404, 1689642404),
(43, 18, 'fdfg', 1, 0, 1689629979, 1689629979),
(44, 26, NULL, 1, 1689629716, 1689629716, NULL),
(45, 27, NULL, 1, 1689629885, 1689629885, NULL),
(46, 19, 'Meisterschaft2', 1, 0, 0, NULL),
(47, 19, 'fdgdffgdf', 1, 0, 0, NULL);

-- --------------------------------------------------------

--
-- Struktura tabulky `login_attempts`
--

CREATE TABLE `login_attempts` (
  `id` int(11) UNSIGNED NOT NULL,
  `ip_address` varchar(15) NOT NULL,
  `login` varchar(100) NOT NULL,
  `time` int(11) UNSIGNED DEFAULT NULL
) ENGINE=InnoDB DEFAULT CHARSET=utf8 COLLATE=utf8_general_ci;

--
-- Vypisuji data pro tabulku `login_attempts`
--

INSERT INTO `login_attempts` (`id`, `ip_address`, `login`, `time`) VALUES
(1, '::1', 'zdrh', 1643357546),
(2, '::1', 'zdrh', 1643357552),
(3, '::1', 'zdrh', 1643357578),
(4, '::1', 'adminsitrator', 1643357688),
(7, '::1', 'zdrh', 1643376651),
(9, '::1', 'zdrh', 1643376755),
(11, '::1', 'zdrh', 1643377640),
(13, '::1', 'adminstrator', 1643380213),
(14, '::1', 'zdrh', 1643394202);

-- --------------------------------------------------------

--
-- Struktura tabulky `menu`
--

CREATE TABLE `menu` (
  `id` int(11) NOT NULL,
  `name` varchar(255) CHARACTER SET utf8 COLLATE utf8_czech_ci NOT NULL,
  `link` varchar(255) CHARACTER SET utf8 COLLATE utf8_czech_ci NOT NULL,
  `priority` tinyint(4) NOT NULL,
  `created_at` int(11) NOT NULL,
  `updated_at` int(11) NOT NULL,
  `deleted_at` int(11) NOT NULL
) ENGINE=InnoDB DEFAULT CHARSET=utf8mb4 COLLATE=utf8mb4_general_ci;

--
-- Vypisuji data pro tabulku `menu`
--

INSERT INTO `menu` (`id`, `name`, `link`, `priority`, `created_at`, `updated_at`, `deleted_at`) VALUES
(1, 'Domů', '', 100, 0, 0, 0),
(2, 'Sezóny', 'seznam-sezon', 50, 0, 0, 0),
(3, 'Svazy', 'seznam-svazu', 25, 0, 0, 0),
(4, 'Ligy', 'seznam-lig', 10, 0, 0, 0),
(5, 'Týmy', 'seznam-tymu', 5, 0, 0, 0);

-- --------------------------------------------------------

--
-- Struktura tabulky `migrations`
--

CREATE TABLE `migrations` (
  `id` bigint(20) UNSIGNED NOT NULL,
  `version` varchar(255) NOT NULL,
  `class` varchar(255) NOT NULL,
  `group` varchar(255) NOT NULL,
  `namespace` varchar(255) NOT NULL,
  `time` int(11) NOT NULL,
  `batch` int(11) UNSIGNED NOT NULL
) ENGINE=InnoDB DEFAULT CHARSET=utf8 COLLATE=utf8_general_ci;

--
-- Vypisuji data pro tabulku `migrations`
--

INSERT INTO `migrations` (`id`, `version`, `class`, `group`, `namespace`, `time`, `batch`) VALUES
(1, '2023-06-10-072657', 'App\\Database\\Migrations\\Bundesliga', 'default', 'App', 1686383844, 1),
(2, '2023-07-16-091620', 'App\\Database\\Migrations\\Season', 'default', 'App', 1689502596, 2),
(6, '2023-07-16-091620', 'App\\Database\\Migrations\\Bundesliga\\Season\\CreateTable', 'default', 'App', 1689508609, 3);

-- --------------------------------------------------------

--
-- Struktura tabulky `permissions`
--

CREATE TABLE `permissions` (
  `id` int(11) NOT NULL,
  `perm_key` varchar(30) NOT NULL,
  `perm_name` varchar(100) NOT NULL
) ENGINE=InnoDB DEFAULT CHARSET=latin1 COLLATE=latin1_swedish_ci;

-- --------------------------------------------------------

--
-- Struktura tabulky `season`
--

CREATE TABLE `season` (
  `id_season` int(11) NOT NULL,
  `start` int(11) NOT NULL,
  `finish` int(11) NOT NULL,
  `created_at` int(11) NOT NULL,
  `updated_at` int(11) NOT NULL,
  `deleted_at` int(11) DEFAULT NULL
) ENGINE=InnoDB DEFAULT CHARSET=utf8 COLLATE=utf8_general_ci;

--
-- Vypisuji data pro tabulku `season`
--

INSERT INTO `season` (`id_season`, `start`, `finish`, `created_at`, `updated_at`, `deleted_at`) VALUES
(1, 1945, 1946, 1689508751, 1689508751, NULL),
(2, 1946, 1947, 1689508758, 1689508758, NULL),
(3, 1947, 1948, 1689508765, 1689508765, NULL),
(4, 1948, 1949, 1689508773, 1689508773, NULL),
(5, 1949, 1950, 1689508779, 1689508779, NULL),
(6, 1951, 1952, 1689508812, 1689508812, NULL),
(7, 1952, 1953, 1689629618, 1689629618, NULL),
(8, 1953, 1954, 1689629773, 1689629773, NULL),
(9, 1954, 1955, 1689629778, 1689629778, NULL),
(10, 1955, 1956, 1689629795, 1689629795, NULL);

-- --------------------------------------------------------

--
-- Struktura tabulky `team`
--

CREATE TABLE `team` (
  `id_team` int(11) NOT NULL,
  `founded` int(11) NOT NULL,
  `general_name` varchar(255) NOT NULL,
  `short_name` varchar(255) DEFAULT NULL,
  `dissolve` int(11) DEFAULT NULL,
  `follower` int(11) DEFAULT NULL,
  `created_at` int(11) NOT NULL,
  `updated_at` int(11) NOT NULL,
  `deleted_at` int(11) DEFAULT NULL
) ENGINE=InnoDB DEFAULT CHARSET=utf8 COLLATE=utf8_unicode_ci;

--
-- Vypisuji data pro tabulku `team`
--

INSERT INTO `team` (`id_team`, `founded`, `general_name`, `short_name`, `dissolve`, `follower`, `created_at`, `updated_at`, `deleted_at`) VALUES
(1, 1893, 'VfB Stuttgart', 'VFB', NULL, NULL, 1674440911, 1674440911, NULL),
(2, 1900, '1. FC Nürnberg', 'FCN', NULL, NULL, 1674440911, 1674440911, NULL),
(3, 1899, 'SV Stuttgarter Kickers', NULL, NULL, NULL, 1674440911, 1674440911, NULL),
(4, 1907, 'SV Waldhof Mannheim', 'SVW', NULL, NULL, 1674440911, 1674440911, NULL),
(5, 1847, 'TSV 1847 Schwaben Augsburg', NULL, NULL, NULL, 1674440911, 1674440911, NULL),
(6, 1905, '1. FC Schweinfurt 05', NULL, NULL, NULL, 1674440911, 1674440911, NULL),
(7, 1907, 'FC Augsburg', 'FCA', NULL, NULL, 1674440911, 1674440911, NULL),
(8, 1860, 'TSV München 1860', 'TSV', NULL, NULL, 1674440911, 1674440911, NULL),
(9, 1899, 'FSV Frankfurt 1899', 'FSV', NULL, NULL, 1674440911, 1674440911, NULL),
(10, 1899, 'Eintracht Frankfurt', 'SGE', NULL, NULL, 1674440911, 1674440911, NULL),
(11, 1901, 'OFC Kickers 1901', 'OFC', NULL, NULL, 1674440911, 1674440911, NULL),
(12, 1903, 'SpVgg Greuther Fürth', 'SGF', NULL, NULL, 1674440911, 1674440911, NULL),
(13, 1896, 'VfR Mannheim 1896', NULL, NULL, NULL, 1674440911, 1674440911, NULL),
(14, 1952, 'Karlsruher SC', 'KSC', NULL, NULL, 1674440911, 1674440911, NULL),
(15, 1894, 'Karslruher FC Phönix', NULL, 1952, NULL, 1674440911, 1674440911, NULL),
(16, 1905, 'VfB Mühlburg', NULL, 1952, NULL, 1674440911, 1674440911, NULL),
(17, 1891, 'Karslruher FV', NULL, NULL, NULL, 1674440911, 1674440911, NULL),
(18, 1903, '1. FC Saarbrücken', NULL, NULL, NULL, 1674440911, 1674440911, NULL),
(19, 1929, '1. FC Kaiserslautern', 'FCK', NULL, NULL, 1674440911, 1674440911, NULL),
(20, 1905, 'Borussia, VfB Neunkirchen', NULL, NULL, NULL, 1674440911, 1674440911, NULL),
(21, 1908, 'VfR Wormatia 08 Worms', NULL, NULL, NULL, 1674440911, 1674440911, NULL),
(22, 1900, 'VfR 1900 Frankenthal', NULL, NULL, NULL, 1674440911, 1674440911, NULL),
(23, 1903, 'FK 03 Pimasens', NULL, NULL, NULL, 1674440911, 1674440911, NULL),
(24, 1904, 'SV Phönix 1903 Ludwigshafen', NULL, 1964, NULL, 1674440911, 1674440911, NULL),
(25, 1907, 'SC 07 Idar-Oberstein', NULL, NULL, NULL, 1674440911, 1674440911, NULL),
(26, 1925, 'Binger FVgg. Hassia', NULL, NULL, NULL, 1674440911, 1674440911, NULL),
(27, 1905, '1. FSV Mainz 05', 'M05', NULL, NULL, 1674440911, 1674440911, NULL),
(28, 1900, 'FC Bayern München', 'FCB', 0, NULL, 1676468111, 1676468111, NULL);

-- --------------------------------------------------------

--
-- Struktura tabulky `team_league_season`
--

CREATE TABLE `team_league_season` (
  `id_team_league_season` int(11) NOT NULL,
  `team_name_in_season` varchar(255) NOT NULL,
  `logo` varchar(255) NOT NULL,
  `id_league_season` int(11) NOT NULL,
  `id_team` int(11) NOT NULL,
  `created_at` int(11) NOT NULL,
  `updated_at` int(11) NOT NULL,
  `deleted_at` int(11) DEFAULT NULL
) ENGINE=InnoDB DEFAULT CHARSET=utf8mb4 COLLATE=utf8mb4_general_ci;

-- --------------------------------------------------------

--
-- Struktura tabulky `users`
--

CREATE TABLE `users` (
  `id` int(11) UNSIGNED NOT NULL,
  `ip_address` varchar(45) NOT NULL,
  `username` varchar(100) DEFAULT NULL,
  `password` varchar(255) NOT NULL,
  `salt` varchar(255) DEFAULT NULL,
  `email` varchar(100) NOT NULL,
  `activation_code` varchar(40) DEFAULT NULL,
  `forgotten_password_selector` varchar(255) DEFAULT NULL,
  `forgotten_password_code` varchar(40) DEFAULT NULL,
  `forgotten_password_time` int(11) UNSIGNED DEFAULT NULL,
  `remember_selector` varchar(255) DEFAULT NULL,
  `remember_code` varchar(40) DEFAULT NULL,
  `created_on` int(11) UNSIGNED NOT NULL,
  `last_login` int(11) UNSIGNED DEFAULT NULL,
  `active` tinyint(1) UNSIGNED DEFAULT NULL,
  `first_name` varchar(50) DEFAULT NULL,
  `last_name` varchar(50) DEFAULT NULL,
  `company` varchar(100) DEFAULT NULL,
  `phone` varchar(20) DEFAULT NULL
) ENGINE=InnoDB DEFAULT CHARSET=utf8 COLLATE=utf8_general_ci;

--
-- Vypisuji data pro tabulku `users`
--

INSERT INTO `users` (`id`, `ip_address`, `username`, `password`, `salt`, `email`, `activation_code`, `forgotten_password_selector`, `forgotten_password_code`, `forgotten_password_time`, `remember_selector`, `remember_code`, `created_on`, `last_login`, `active`, `first_name`, `last_name`, `company`, `phone`) VALUES
(1, '127.0.0.1', 'administrator', '$2y$10$mjvDkG1cqHb7YH2UiK9H2.GRDO.hJoP4B/brCRwwTxSZOTPwW0BNu', '', 'admin@admin.com', '', NULL, NULL, NULL, NULL, NULL, 1268889823, 1643394125, 1, 'Admin', 'istrator', 'ADMIN', '0'),
(2, '::1', 'zdrh', '$2y$08$kw5Kxsn9XuEQl2ybfpIASOP.OUpzSMIlip05F.sPT2XEl8Kj.8tVq', NULL, 'hrdina@oauh.cz', NULL, NULL, NULL, NULL, NULL, NULL, 1476027058, 1476057944, 1, 'Zdenek', 'Hrdina', NULL, NULL),
(4, '81.161.64.32', 'dohnal_lukas', '$2y$08$oD4E3RyEH0fESDPSOAZ1X.AkqTHB2mcCglSNy8BjWBTWCDe.yzTvG', '.zJgxsfzEvzd2dNbycH0qO', 'dohnal@oauh.cz', NULL, NULL, NULL, NULL, NULL, NULL, 1476624222, 1476624234, 1, 'Lukáš', 'Dohnal ', NULL, NULL),
(5, '212.111.4.142', 'peta', '$2y$08$4HdxrVZ1qBIummFbn8zna.Ak5N1w.M0T06SFaW.ahdnhq/Lqw6n6y', 'sdpFioZWC800qv4FqwSNjO', 'petr51@gmail.com', NULL, NULL, NULL, NULL, NULL, NULL, 1476703806, 1476703827, 1, 'Petr', 'Dráběk', NULL, NULL),
(6, '212.111.4.142', 'markkkk', '$2y$08$vKPT/Fxr6Y7UCUfj9XCYI.q8S1S4Swx6vyroVh2S4ftCswSBwxHEG', '9gCnLCpwAMvkCeSa4S3wT.', 'marekberka@mailinator.com', NULL, NULL, NULL, NULL, NULL, NULL, 1476703833, 1476703859, 1, 'Marek', 'Berka', NULL, NULL),
(7, '212.111.4.142', 'Vlčnovják', '$2y$08$NX15rkY7TTkMwUUX9IxtUunU6AicDoH4AiH5bvbO6yVCOQeZ9Rz.O', 'hnqX6Yosdci1IL/TmIxequ', 'Hnupo@gmail.com', NULL, NULL, NULL, NULL, NULL, NULL, 1476704517, NULL, 1, 'Hnup', 'Z Vlčnova', NULL, NULL),
(8, '212.111.4.142', 'abcd', '$2y$08$RGBq.H6j.sLkM8vX5Eu3BO/BsyopUj7tfaGnZjZ0GdQPLscahA34e', 'Rsc4JtP6/virMZ2upKposu', 'acb@gmail.com', NULL, NULL, NULL, NULL, NULL, NULL, 1476704565, 1476704570, 1, 'abc', 'abc', NULL, NULL),
(9, '2a00:1028:83da:233e:5506:ce98:9156:c19e', 'zdrh13', '$2y$08$jvlnjibw7zj9svMedbcT2efv8y8.rlkiw7D5ujm4qJxuGfLFgg2mm', 'duymsLjN2VY3L0Hh.rjLM.', 'hrdina.zdenek@gmail.com', NULL, NULL, NULL, NULL, NULL, NULL, 1512956614, 1512956624, 1, 'Zdenek', 'Hrdina', NULL, NULL),
(10, '212.111.4.142', 'madera', '$2y$08$DoWDU/orVkKDXCMV9R6n9.rWMnRL3EEZhbvOnFwzI90PaMbxVBQ06', '7cbxCQwgAyy1rwg85kGX4e', 'madera_marek@oauh.cz', NULL, NULL, NULL, NULL, NULL, NULL, 1512981605, 1512981669, 1, 'Marek', 'Maděra', NULL, NULL),
(11, '212.111.4.142', 'hrdina13', '$2y$08$hCILkjzg2Yz1o/3xGHvFiO5ND5gDpP6rauLE7oULAcKdZWr0Xs7W2', 'GnQsqgjHPc.FUapCScdcje', 'hrdina.spam@gmail.com', NULL, NULL, NULL, NULL, NULL, NULL, 1515413930, 1515413940, 1, 'Zdenek', 'Hrdina', NULL, NULL),
(12, '2a00:1028:8d1c:ed7e:15e2:edb3:cc9d:e778', 'Bajo', '$2y$08$t9G5aqIMd8JcsfHb9HJik.4JyTthfBaUMboxsbZq12I/u6N/.Qaxi', 'T6PJz8dJGQtGxW3GYHy27u', 'Bajo5@email.cz', NULL, NULL, NULL, NULL, NULL, NULL, 1516462010, 1516462039, 1, 'Martin', 'Bajko', NULL, NULL),
(13, '2a00:1028:8d1c:ed7e:39cd:4290:757:73ac', 'Bajko', '$2y$08$Tz6kD4b4nYuIYI.2h7yQg.d6sCG1EjNomkbYZ/3eLZOFcCfN1b6tO', 'BSPsbj6C2f6XUmnX2vd02.', 'B@seznam.cz', NULL, NULL, NULL, NULL, NULL, NULL, 1521582406, 1521586121, 1, 'Martin', 'Bajko', NULL, NULL),
(14, '2a00:1028:96c1:f67a:d813:9e5c:94f4:b07b', 'Novak', '$2y$08$nMaf6MB4LA5Ig2o9vjI5kuPFyQImTb4ewcrQkxsmGVtmLixoVg2nG', '4Rbn2nuHSj01o0OIXnzi/e', 'N@seznam.cz', NULL, NULL, NULL, NULL, NULL, NULL, 1522102558, 1522102562, 1, 'Jan', 'Novak ', NULL, NULL),
(15, '212.111.4.142', 'assadasd', '$2y$08$D1R6gMiGQhJpGcIpGSSIcujoFxLCj1MllVTkSm6M/FPyVTN732wJ6', 'FjG9ZTp.zjoMBCzJ5d5UtO', 'ondrakol@email.cz', NULL, NULL, NULL, NULL, NULL, NULL, 1542008898, NULL, 1, 'asd', 'awd', NULL, NULL),
(16, '212.111.4.142', 'hfg', '$2y$08$HKD86NL93TizZ.ICB9Uj4eKxFbSbbgz8AW1s/v8Wr02gq7rM7pteW', 'MnxZQ8I0iWJMmsMIvlphBu', 'jkfg@afgjkl.cuz', NULL, NULL, NULL, NULL, NULL, NULL, 1542008962, 1542009011, 1, 'kjlg', 'jgkh', NULL, NULL),
(17, '212.111.4.142', 'fdhgh', '$2y$08$ARpKqWYQfgNQgdtken8dF..oeWKafukpefBKtGpsdMVaYiTDxQfUq', 'WC7F6/bWbRDX8.z3rt7KIu', 'jskhf@sdzfl.sd', NULL, NULL, NULL, NULL, NULL, NULL, 1542008971, NULL, 1, 'jkl', 'jkl', NULL, NULL),
(18, '212.111.4.142', 'jkl', '$2y$08$sNBsWDKauZy0lK5VVAuqkOgcn8evQJqU6qcjMrn0ngYZcqeu5Rr6m', 'ZRkIbaHOQ8HbkJIxzAnv.O', 'jskhf@sdzfl.sf', NULL, NULL, NULL, NULL, NULL, NULL, 1542009021, 1542009028, 1, 'jkl', 'jkl', NULL, NULL),
(19, '212.111.4.142', 'hehehehehehhehe', '$2y$08$Pybl8CXuHlqJ.QFqiF/Jd.n7HuRr2DQ.2qZOIF8tVs8m2oVfV0aOC', 'XbjkwZPtIzerHMZzsytM3.', 'zenich@jetypek.gg', NULL, NULL, NULL, NULL, NULL, NULL, 1542009070, NULL, 1, 'Jarda', 'Jardason', NULL, NULL);

-- --------------------------------------------------------

--
-- Struktura tabulky `users_groups`
--

CREATE TABLE `users_groups` (
  `id` int(11) UNSIGNED NOT NULL,
  `user_id` int(11) UNSIGNED NOT NULL,
  `group_id` mediumint(8) UNSIGNED NOT NULL
) ENGINE=InnoDB DEFAULT CHARSET=utf8 COLLATE=utf8_general_ci;

--
-- Vypisuji data pro tabulku `users_groups`
--

INSERT INTO `users_groups` (`id`, `user_id`, `group_id`) VALUES
(1, 1, 1),
(2, 1, 2),
(3, 2, 2),
(5, 4, 2),
(6, 5, 2),
(7, 6, 2),
(8, 7, 2),
(9, 8, 2),
(10, 9, 2),
(11, 10, 2),
(12, 11, 2),
(13, 12, 2),
(14, 13, 2),
(15, 14, 2),
(16, 15, 2),
(17, 16, 2),
(18, 17, 2),
(19, 18, 2),
(20, 19, 2);

-- --------------------------------------------------------

--
-- Struktura tabulky `users_permissions`
--

CREATE TABLE `users_permissions` (
  `id` int(11) NOT NULL,
  `user_id` int(11) NOT NULL,
  `perm_id` int(11) NOT NULL,
  `value` tinyint(1) NOT NULL DEFAULT 0,
  `created_at` int(11) NOT NULL,
  `updated_at` int(11) NOT NULL
) ENGINE=InnoDB DEFAULT CHARSET=latin1 COLLATE=latin1_swedish_ci;

--
-- Indexy pro exportované tabulky
--

--
-- Indexy pro tabulku `association`
--
ALTER TABLE `association`
  ADD PRIMARY KEY (`id_association`);

--
-- Indexy pro tabulku `association_season`
--
ALTER TABLE `association_season`
  ADD PRIMARY KEY (`id_assoc_season`),
  ADD KEY `id_season` (`id_season`),
  ADD KEY `id_association` (`id_association`);

--
-- Indexy pro tabulku `ci_sessions`
--
ALTER TABLE `ci_sessions`
  ADD KEY `ci_sessions_timestamp` (`timestamp`);

--
-- Indexy pro tabulku `groups`
--
ALTER TABLE `groups`
  ADD PRIMARY KEY (`id`);

--
-- Indexy pro tabulku `groups_permissions`
--
ALTER TABLE `groups_permissions`
  ADD PRIMARY KEY (`id`),
  ADD UNIQUE KEY `roleID_2` (`group_id`,`perm_id`);

--
-- Indexy pro tabulku `league`
--
ALTER TABLE `league`
  ADD PRIMARY KEY (`id_league`),
  ADD KEY `active` (`active`);

--
-- Indexy pro tabulku `league_season`
--
ALTER TABLE `league_season`
  ADD PRIMARY KEY (`id_league_season`),
  ADD KEY `id_league` (`id_league`),
  ADD KEY `id_season` (`id_assoc_season`);

--
-- Indexy pro tabulku `league_season_group`
--
ALTER TABLE `league_season_group`
  ADD PRIMARY KEY (`id_league_season_group`),
  ADD KEY `id_league_season` (`id_league_season`);

--
-- Indexy pro tabulku `login_attempts`
--
ALTER TABLE `login_attempts`
  ADD PRIMARY KEY (`id`);

--
-- Indexy pro tabulku `menu`
--
ALTER TABLE `menu`
  ADD PRIMARY KEY (`id`);

--
-- Indexy pro tabulku `migrations`
--
ALTER TABLE `migrations`
  ADD PRIMARY KEY (`id`);

--
-- Indexy pro tabulku `permissions`
--
ALTER TABLE `permissions`
  ADD PRIMARY KEY (`id`),
  ADD UNIQUE KEY `permKey` (`perm_key`);

--
-- Indexy pro tabulku `season`
--
ALTER TABLE `season`
  ADD PRIMARY KEY (`id_season`);

--
-- Indexy pro tabulku `team`
--
ALTER TABLE `team`
  ADD PRIMARY KEY (`id_team`),
  ADD KEY `zalozeni` (`founded`);

--
-- Indexy pro tabulku `team_league_season`
--
ALTER TABLE `team_league_season`
  ADD PRIMARY KEY (`id_team_league_season`),
  ADD KEY `id_season` (`id_league_season`),
  ADD KEY `id_team` (`id_team`);

--
-- Indexy pro tabulku `users`
--
ALTER TABLE `users`
  ADD PRIMARY KEY (`id`),
  ADD UNIQUE KEY `username` (`username`);

--
-- Indexy pro tabulku `users_groups`
--
ALTER TABLE `users_groups`
  ADD PRIMARY KEY (`id`),
  ADD UNIQUE KEY `uc_users_groups` (`user_id`,`group_id`),
  ADD KEY `fk_users_groups_users1_idx` (`user_id`),
  ADD KEY `fk_users_groups_groups1_idx` (`group_id`);

--
-- Indexy pro tabulku `users_permissions`
--
ALTER TABLE `users_permissions`
  ADD PRIMARY KEY (`id`),
  ADD UNIQUE KEY `userID` (`user_id`,`perm_id`);

--
-- AUTO_INCREMENT pro tabulky
--

--
-- AUTO_INCREMENT pro tabulku `association`
--
ALTER TABLE `association`
  MODIFY `id_association` int(11) NOT NULL AUTO_INCREMENT, AUTO_INCREMENT=17;

--
-- AUTO_INCREMENT pro tabulku `association_season`
--
ALTER TABLE `association_season`
  MODIFY `id_assoc_season` int(11) NOT NULL AUTO_INCREMENT, AUTO_INCREMENT=22;

--
-- AUTO_INCREMENT pro tabulku `groups`
--
ALTER TABLE `groups`
  MODIFY `id` mediumint(8) UNSIGNED NOT NULL AUTO_INCREMENT, AUTO_INCREMENT=3;

--
-- AUTO_INCREMENT pro tabulku `groups_permissions`
--
ALTER TABLE `groups_permissions`
  MODIFY `id` int(11) NOT NULL AUTO_INCREMENT;

--
-- AUTO_INCREMENT pro tabulku `league`
--
ALTER TABLE `league`
  MODIFY `id_league` int(1) NOT NULL AUTO_INCREMENT, AUTO_INCREMENT=17;

--
-- AUTO_INCREMENT pro tabulku `league_season`
--
ALTER TABLE `league_season`
  MODIFY `id_league_season` int(11) NOT NULL AUTO_INCREMENT, AUTO_INCREMENT=28;

--
-- AUTO_INCREMENT pro tabulku `league_season_group`
--
ALTER TABLE `league_season_group`
  MODIFY `id_league_season_group` int(11) NOT NULL AUTO_INCREMENT, AUTO_INCREMENT=48;

--
-- AUTO_INCREMENT pro tabulku `login_attempts`
--
ALTER TABLE `login_attempts`
  MODIFY `id` int(11) UNSIGNED NOT NULL AUTO_INCREMENT, AUTO_INCREMENT=15;

--
-- AUTO_INCREMENT pro tabulku `migrations`
--
ALTER TABLE `migrations`
  MODIFY `id` bigint(20) UNSIGNED NOT NULL AUTO_INCREMENT, AUTO_INCREMENT=8;

--
-- AUTO_INCREMENT pro tabulku `permissions`
--
ALTER TABLE `permissions`
  MODIFY `id` int(11) NOT NULL AUTO_INCREMENT;

--
-- AUTO_INCREMENT pro tabulku `season`
--
ALTER TABLE `season`
  MODIFY `id_season` int(11) NOT NULL AUTO_INCREMENT, AUTO_INCREMENT=11;

--
-- AUTO_INCREMENT pro tabulku `team`
--
ALTER TABLE `team`
  MODIFY `id_team` int(11) NOT NULL AUTO_INCREMENT, AUTO_INCREMENT=29;

--
-- AUTO_INCREMENT pro tabulku `team_league_season`
--
ALTER TABLE `team_league_season`
  MODIFY `id_team_league_season` int(11) NOT NULL AUTO_INCREMENT;

--
-- AUTO_INCREMENT pro tabulku `users`
--
ALTER TABLE `users`
  MODIFY `id` int(11) UNSIGNED NOT NULL AUTO_INCREMENT, AUTO_INCREMENT=20;

--
-- AUTO_INCREMENT pro tabulku `users_groups`
--
ALTER TABLE `users_groups`
  MODIFY `id` int(11) UNSIGNED NOT NULL AUTO_INCREMENT, AUTO_INCREMENT=21;

--
-- AUTO_INCREMENT pro tabulku `users_permissions`
--
ALTER TABLE `users_permissions`
  MODIFY `id` int(11) NOT NULL AUTO_INCREMENT;

--
-- Omezení pro exportované tabulky
--

--
-- Omezení pro tabulku `users_groups`
--
ALTER TABLE `users_groups`
  ADD CONSTRAINT `fk_users_groups_groups1` FOREIGN KEY (`group_id`) REFERENCES `groups` (`id`) ON DELETE CASCADE ON UPDATE NO ACTION,
  ADD CONSTRAINT `fk_users_groups_users1` FOREIGN KEY (`user_id`) REFERENCES `users` (`id`) ON DELETE CASCADE ON UPDATE NO ACTION;
COMMIT;

/*!40101 SET CHARACTER_SET_CLIENT=@OLD_CHARACTER_SET_CLIENT */;
/*!40101 SET CHARACTER_SET_RESULTS=@OLD_CHARACTER_SET_RESULTS */;
/*!40101 SET COLLATION_CONNECTION=@OLD_COLLATION_CONNECTION */;
